Code;Libellé;Aires d'attraction des villes 2020;insee_com;lib_com;Proximité
01033;Valserhône;T45_20;01033;Valserhône;3.0
01034;Belley;T01_10;01034;Belley;1.0
01072;Ceyzériat;T02_20;01072;Ceyzériat;2.0
01074;Chalamont;T45_20;01074;Chalamont;3.0
01143;Divonne-les-Bains;T45_20;01143;Divonne-les-Bains;3.0
01173;Gex;T45_20;01173;Gex;3.0
01185;Plateau d'Hauteville;T01_10;01185;Plateau d'Hauteville;1.0
01202;Lagnieu;T01_10;01202;Lagnieu;1.0
01244;Meximieux;T45_20;01244;Meximieux;3.0
01265;Montréal-la-Cluse;T02_20;01265;Montréal-la-Cluse;2.0
01266;Montrevel-en-Bresse;T02_20;01266;Montrevel-en-Bresse;2.0
01269;Nantua;T00_30;01269;Nantua;4.0
01303;Poncin;T00_30;01303;Poncin;4.0
01304;Pont-d'Ain;T00_30;01304;Pont-d'Ain;4.0
01305;Pont-de-Vaux;T02_20;01305;Pont-de-Vaux;2.0
01306;Pont-de-Veyle;T02_20;01306;Pont-de-Veyle;2.0
01333;Saint-André-de-Corcy;T45_20;01333;Saint-André-de-Corcy;3.0
01350;Saint-Étienne-du-Bois;T02_20;01350;Saint-Étienne-du-Bois;2.0
01388;Saint-Trivier-de-Courtes;T00_30;01388;Saint-Trivier-de-Courtes;4.0
01420;Thoissey;T01_10;01420;Thoissey;1.0
01443;Villars-les-Dombes;T45_20;01443;Villars-les-Dombes;3.0
01457;Vonnas;T02_20;01457;Vonnas;2.0
02018;Anizy-le-Grand;T02_20;02018;Anizy-le-Grand;2.0
02095;Bohain-en-Vermandois;T01_10;02095;Bohain-en-Vermandois;1.0
02110;Braine;T00_30;02110;Braine;4.0
02141;La Capelle;T00_30;02141;La Capelle;4.0
02173;Chauny;T01_10;02173;Chauny;1.0
02304;La Fère;T01_10;02304;La Fère;1.0
02305;Fère-en-Tardenois;T00_30;02305;Fère-en-Tardenois;4.0
02307;La Ferté-Milon;T45_20;02307;La Ferté-Milon;3.0
02334;Fresnoy-le-Grand;T02_20;02334;Fresnoy-le-Grand;2.0
02360;Villeneuve-sur-Aisne;T03_20;02360;Villeneuve-sur-Aisne;
02361;Guise;T01_10;02361;Guise;1.0
02381;Hirson;T01_10;02381;Hirson;1.0
02430;Liesse-Notre-Dame;T02_20;02430;Liesse-Notre-Dame;2.0
02468;Marle;T00_30;02468;Marle;4.0
02502;Montcornet;T00_30;02502;Montcornet;4.0
02543;Neuilly-Saint-Front;T00_30;02543;Neuilly-Saint-Front;4.0
02558;Le Nouvion-en-Thiérache;T01_10;02558;Le Nouvion-en-Thiérache;1.0
02602;Pinon;T00_30;02602;Pinon;4.0
02666;Rozoy-sur-Serre;T00_30;02666;Rozoy-sur-Serre;4.0
02676;Saint-Erme-Outre-et-Ramecourt;T02_20;02676;Saint-Erme-Outre-et-Ramecourt;2.0
02720;Sissonne;T00_30;02720;Sissonne;4.0
02738;Tergnier;T01_10;02738;Tergnier;1.0
02758;Vailly-sur-Aisne;T02_20;02758;Vailly-sur-Aisne;2.0
02789;Vervins;T01_10;02789;Vervins;1.0
02810;Villers-Cotterêts;T45_20;02810;Villers-Cotterêts;3.0
03036;Bourbon-l'Archambault;T02_20;03036;Bourbon-l'Archambault;2.0
03043;Broût-Vernet;T00_30;03043;Broût-Vernet;4.0
03082;Commentry;T02_20;03082;Commentry;2.0
03084;Cosne-d'Allier;T00_30;03084;Cosne-d'Allier;4.0
03102;Dompierre-sur-Besbre;T01_10;03102;Dompierre-sur-Besbre;1.0
03118;Gannat;T01_10;03118;Gannat;1.0
03128;Huriel;T02_20;03128;Huriel;2.0
03138;Lapalisse;T01_10;03138;Lapalisse;1.0
03161;Marcillat-en-Combraille;T00_30;03161;Marcillat-en-Combraille;4.0
03186;Montmarault;T00_30;03186;Montmarault;4.0
03195;Néris-les-Bains;T02_20;03195;Néris-les-Bains;2.0
03236;Saint-Germain-des-Fossés;T02_20;03236;Saint-Germain-des-Fossés;2.0
03254;Saint-Pourçain-sur-Sioule;T01_10;03254;Saint-Pourçain-sur-Sioule;1.0
03292;Tronget;T00_30;03292;Tronget;4.0
03298;Varennes-sur-Allier;T01_10;03298;Varennes-sur-Allier;1.0
04008;Annot;T00_30;04008;Annot;4.0
04018;Banon;T00_30;04018;Banon;4.0
04019;Barcelonnette;T01_10;04019;Barcelonnette;1.0
04039;Castellane;T00_30;04039;Castellane;4.0
04049;Château-Arnoux-Saint-Auban;T01_10;04049;Château-Arnoux-Saint-Auban;1.0
04088;Forcalquier;T01_10;04088;Forcalquier;1.0
04143;Oraison;T02_20;04143;Oraison;2.0
04166;Riez;T00_30;04166;Riez;4.0
04173;Saint-André-les-Alpes;T00_30;04173;Saint-André-les-Alpes;4.0
04205;Seyne;T00_30;04205;Seyne;4.0
04209;Sisteron;T01_10;04209;Sisteron;1.0
05006;L'Argentière-la-Bessée;T01_20;05006;L'Argentière-la-Bessée;1.0
05017;La Bâtie-Neuve;T02_20;05017;La Bâtie-Neuve;2.0
05040;Chorges;T02_20;05040;Chorges;2.0
05046;Embrun;T01_10;05046;Embrun;1.0
05050;Espinasses;T02_20;05050;Espinasses;2.0
05065;Guillestre;T00_30;05065;Guillestre;4.0
05070;Laragne-Montéglin;T01_10;05070;Laragne-Montéglin;1.0
05132;Saint-Bonnet-en-Champsaur;T02_20;05132;Saint-Bonnet-en-Champsaur;2.0
05166;Serres;T00_30;05166;Serres;4.0
05170;Tallard;T02_20;05170;Tallard;2.0
05179;Veynes;T02_20;05179;Veynes;2.0
06023;Breil-sur-Roya;T00_30;06023;Breil-sur-Roya;4.0
06099;Puget-Théniers;T03_20;06099;Puget-Théniers;
06103;Roquebillière;T03_20;06103;Roquebillière;
06130;Saint-Vallier-de-Thiey;T00_30;06130;Saint-Vallier-de-Thiey;4.0
06136;Sospel;T02_20;06136;Sospel;2.0
06163;Tende;T00_30;06163;Tende;4.0
07042;Bourg-Saint-Andéol;T01_20;07042;Bourg-Saint-Andéol;1.0
07064;Le Cheylard;T01_10;07064;Le Cheylard;1.0
07132;Largentière;T02_20;07132;Largentière;2.0
07181;Le Pouzin;T01_10;07181;Le Pouzin;1.0
07201;Ruoms;T00_30;07201;Ruoms;4.0
07204;Saint-Agrève;T00_30;07204;Saint-Agrève;4.0
07319;Le Teil;T02_20;07319;Le Teil;2.0
07324;Tournon-sur-Rhône;T01_10;07324;Tournon-sur-Rhône;1.0
07330;Vallon-Pont-d'Arc;T00_30;07330;Vallon-Pont-d'Arc;4.0
07334;Les Vans;T00_30;07334;Les Vans;4.0
07341;Villeneuve-de-Berg;T02_20;07341;Villeneuve-de-Berg;2.0
07346;Viviers;T02_20;07346;Viviers;2.0
07349;La Voulte-sur-Rhône;T01_10;07349;La Voulte-sur-Rhône;1.0
08025;Attigny;T00_30;08025;Attigny;4.0
08081;Bogny-sur-Meuse;T02_20;08081;Bogny-sur-Meuse;2.0
08090;Carignan;T01_10;08090;Carignan;1.0
08185;Fumay;T01_10;08185;Fumay;1.0
08190;Givet;T01_10;08190;Givet;1.0
08302;Monthermé;T02_20;08302;Monthermé;2.0
08311;Mouzon;T00_30;08311;Mouzon;4.0
08328;Nouzonville;T02_20;08328;Nouzonville;2.0
08362;Rethel;T03_20;08362;Rethel;
08363;Revin;T01_10;08363;Revin;1.0
08367;Rocroi;T00_30;08367;Rocroi;4.0
08419;Signy-l'Abbaye;T02_20;08419;Signy-l'Abbaye;2.0
08420;Signy-le-Petit;T00_30;08420;Signy-le-Petit;4.0
08486;Vireux-Molhain;T01_20;08486;Vireux-Molhain;1.0
08490;Vouziers;T01_10;08490;Vouziers;1.0
08491;Vrigne aux Bois;T02_20;08491;Vrigne aux Bois;2.0
09032;Ax-les-Thermes;T00_30;09032;Ax-les-Thermes;4.0
09160;Lavelanet;T01_10;09160;Lavelanet;1.0
09167;Lézat-sur-Lèze;T45_20;09167;Lézat-sur-Lèze;3.0
09185;Mazères;T01_10;09185;Mazères;1.0
09194;Mirepoix;T00_30;09194;Mirepoix;4.0
09261;Saint-Girons;T01_10;09261;Saint-Girons;1.0
09282;Saverdun;T45_20;09282;Saverdun;3.0
09306;Tarascon-sur-Ariège;T01_10;09306;Tarascon-sur-Ariège;1.0
10003;Aix-Villemaur-Pâlis;T03_20;10003;Aix-Villemaur-Pâlis;
10006;Arcis-sur-Aube;T03_20;10006;Arcis-sur-Aube;
10033;Bar-sur-Aube;T01_10;10033;Bar-sur-Aube;1.0
10034;Bar-sur-Seine;T01_10;10034;Bar-sur-Seine;1.0
10064;Brienne-le-Château;T01_10;10064;Brienne-le-Château;1.0
10080;Chaource;T03_20;10080;Chaource;
10140;Ervy-le-Châtel;T00_30;10140;Ervy-le-Châtel;4.0
10268;Nogent-sur-Seine;T01_10;10268;Nogent-sur-Seine;1.0
10323;Romilly-sur-Seine;T01_10;10323;Romilly-sur-Seine;1.0
10401;Vendeuvre-sur-Barse;T00_30;10401;Vendeuvre-sur-Barse;4.0
10420;Villenauxe-la-Grande;T00_30;10420;Villenauxe-la-Grande;4.0
11049;Bram;T02_20;11049;Bram;2.0
11076;Castelnaudary;T01_10;11076;Castelnaudary;1.0
11091;Chalabre;T00_30;11091;Chalabre;4.0
11103;Couiza;T00_30;11103;Couiza;4.0
11106;Coursan;T02_20;11106;Coursan;2.0
11116;Cuxac-d'Aude;T02_20;11116;Cuxac-d'Aude;2.0
11129;Espéraza;T00_30;11129;Espéraza;4.0
11170;Gruissan;T02_20;11170;Gruissan;2.0
11203;Lézignan-Corbières;N/A - résultat non disponible;11203;Lézignan-Corbières;
11206;Limoux;T01_10;11206;Limoux;1.0
11266;Port-la-Nouvelle;T01_10;11266;Port-la-Nouvelle;1.0
11304;Quillan;T00_30;11304;Quillan;4.0
11315;Rieux-Minervois;T00_30;11315;Rieux-Minervois;4.0
11379;Sigean;T02_20;11379;Sigean;2.0
11397;Trèbes;T02_20;11397;Trèbes;2.0
12052;Capdenac-Gare;T01_20;12052;Capdenac-Gare;1.0
12056;Baraqueville;T02_20;12056;Baraqueville;2.0
12089;Decazeville;T01_10;12089;Decazeville;1.0
12094;Entraygues-sur-Truyère;T00_30;12094;Entraygues-sur-Truyère;4.0
12096;Espalion;T01_10;12096;Espalion;1.0
12119;Laguiole;T00_30;12119;Laguiole;4.0
12120;Laissac-Sévérac l'Église;T02_20;12120;Laissac-Sévérac l'Église;2.0
12138;Marcillac-Vallon;T02_20;12138;Marcillac-Vallon;2.0
12164;Mur-de-Barrez;T00_30;12164;Mur-de-Barrez;4.0
12169;Naucelle;T02_20;12169;Naucelle;2.0
12185;Pont-de-Salars;T02_20;12185;Pont-de-Salars;2.0
12197;Réquista;T00_30;12197;Réquista;4.0
12198;Rieupeyroux;T00_30;12198;Rieupeyroux;4.0
12199;Rignac;T02_20;12199;Rignac;2.0
12208;Saint-Affrique;T01_10;12208;Saint-Affrique;1.0
12209;Saint-Amans-des-Cots;T00_30;12209;Saint-Amans-des-Cots;4.0
12224;Saint Geniez d'Olt et d'Aubrac;T00_30;12224;Saint Geniez d'Olt et d'Aubrac;4.0
12270;Sévérac d'Aveyron;T00_30;12270;Sévérac d'Aveyron;4.0
12298;Villecomtal;T02_20;12298;Villecomtal;2.0
13014;Berre-l'Étang;T45_20;13014;Berre-l'Étang;3.0
13027;Châteaurenard;T03_20;13027;Châteaurenard;
13050;Lambesc;T45_20;13050;Lambesc;3.0
13078;Port-Saint-Louis-du-Rhône;T01_10;13078;Port-Saint-Louis-du-Rhône;1.0
13084;La Roque-d'Anthéron;T45_20;13084;La Roque-d'Anthéron;3.0
13097;Saint-Martin-de-Crau;T01_10;13097;Saint-Martin-de-Crau;1.0
13100;Saint-Rémy-de-Provence;T01_10;13100;Saint-Rémy-de-Provence;1.0
13105;Sénas;T02_20;13105;Sénas;2.0
13110;Trets;T45_20;13110;Trets;3.0
14027;Les Monts d'Aunay;T03_20;14027;Les Monts d'Aunay;
14035;Balleroy-sur-Drôme;T03_20;14035;Balleroy-sur-Drôme;
14047;Bayeux;T01_10;14047;Bayeux;1.0
14061;Souleuvre en Bocage;T01_20;14061;Souleuvre en Bocage;1.0
14098;Thue et Mue;T03_20;14098;Thue et Mue;
14100;Bretteville-sur-Laize;T03_20;14100;Bretteville-sur-Laize;
14126;Cambremer;T02_20;14126;Cambremer;2.0
14143;Caumont-sur-Aure;T03_20;14143;Caumont-sur-Aure;
14174;Condé-en-Normandie;T01_10;14174;Condé-en-Normandie;1.0
14191;Courseulles-sur-Mer;T03_20;14191;Courseulles-sur-Mer;
14200;Creully sur Seulles;T03_20;14200;Creully sur Seulles;
14225;Dives-sur-Mer;T01_10;14225;Dives-sur-Mer;1.0
14228;Douvres-la-Délivrande;T03_20;14228;Douvres-la-Délivrande;
14229;Dozulé;T03_20;14229;Dozulé;
14257;Évrecy;T03_20;14257;Évrecy;
14258;Falaise;T03_20;14258;Falaise;
14312;Grandcamp-Maisy;T00_30;14312;Grandcamp-Maisy;4.0
14333;Honfleur;T01_10;14333;Honfleur;1.0
14342;Isigny-sur-Mer;T01_10;14342;Isigny-sur-Mer;1.0
14370;Le Molay-Littry;T01_20;14370;Le Molay-Littry;1.0
14371;Livarot-Pays-d'Auge;T02_20;14371;Livarot-Pays-d'Auge;2.0
14384;Luc-sur-Mer;T03_20;14384;Luc-sur-Mer;
14431;Mézidon Vallée d'Auge;T03_20;14431;Mézidon Vallée d'Auge;
14478;Orbec;T00_30;14478;Orbec;4.0
14488;Ouistreham;T03_20;14488;Ouistreham;
14514;Pont-l'Évêque;T01_20;14514;Pont-l'Évêque;1.0
14515;Port-en-Bessin-Huppain;T01_20;14515;Port-en-Bessin-Huppain;1.0
14516;Potigny;T03_20;14516;Potigny;
14654;Saint-Pierre-en-Auge;T00_30;14654;Saint-Pierre-en-Auge;4.0
14658;Noues de Sienne;T01_20;14658;Noues de Sienne;1.0
14689;Thury-Harcourt-le-Hom;T03_20;14689;Thury-Harcourt-le-Hom;
14692;Tilly-sur-Seulles;T03_20;14692;Tilly-sur-Seulles;
14711;Trévières;T00_30;14711;Trévières;4.0
14726;Valdallière;T01_20;14726;Valdallière;1.0
14752;Villers-Bocage;T03_20;14752;Villers-Bocage;
14754;Villers-sur-Mer;T01_20;14754;Villers-sur-Mer;1.0
14764;Pont-d'Ouilly;T00_30;14764;Pont-d'Ouilly;4.0
15001;Allanche;T00_30;15001;Allanche;4.0
15045;Chaudes-Aigues;T00_30;15045;Chaudes-Aigues;4.0
15054;Condat;T00_30;15054;Condat;4.0
15083;Jussac;T02_20;15083;Jussac;2.0
15094;Laroquebrou;T02_20;15094;Laroquebrou;2.0
15119;Massiac;T00_30;15119;Massiac;4.0
15120;Mauriac;T01_10;15120;Mauriac;1.0
15122;Maurs;T00_30;15122;Maurs;4.0
15134;Montsalvy;T02_20;15134;Montsalvy;2.0
15138;Murat;T00_30;15138;Murat;4.0
15140;Naucelles;T02_20;15140;Naucelles;2.0
15141;Neussargues en Pinatelle;T00_30;15141;Neussargues en Pinatelle;4.0
15152;Pierrefort;T00_30;15152;Pierrefort;4.0
15153;Pleaux;T00_30;15153;Pleaux;4.0
15162;Riom-ès-Montagnes;T00_30;15162;Riom-ès-Montagnes;4.0
15175;Saint-Cernin;T02_20;15175;Saint-Cernin;2.0
15187;Saint-Flour;T01_10;15187;Saint-Flour;1.0
15202;Saint-Martin-Valmeroux;T00_30;15202;Saint-Martin-Valmeroux;4.0
15204;Saint-Paul-des-Landes;T02_20;15204;Saint-Paul-des-Landes;2.0
15215;Saint-Simon;T02_20;15215;Saint-Simon;2.0
15221;Sansac-de-Marmiesse;T02_20;15221;Sansac-de-Marmiesse;2.0
15255;Vézac;T02_20;15255;Vézac;2.0
15258;Vic-sur-Cère;T02_20;15258;Vic-sur-Cère;2.0
15265;Ydes;T01_20;15265;Ydes;1.0
15267;Ytrac;T02_20;15267;Ytrac;2.0
15268;Le Rouget-Pers;T02_20;15268;Le Rouget-Pers;2.0
16005;Aigre;T00_30;16005;Aigre;4.0
16028;Barbezieux-Saint-Hilaire;T01_10;16028;Barbezieux-Saint-Hilaire;1.0
16073;Chalais;T00_30;16073;Chalais;4.0
16090;Châteauneuf-sur-Charente;T00_30;16090;Châteauneuf-sur-Charente;4.0
16106;Confolens;T01_10;16106;Confolens;1.0
16167;Jarnac;T02_20;16167;Jarnac;2.0
16192;Terres-de-Haute-Charente;T00_30;16192;Terres-de-Haute-Charente;4.0
16206;Mansle-les-Fontaines;T00_30;16206;Mansle-les-Fontaines;4.0
16223;Montbron;T00_30;16223;Montbron;4.0
16230;Montmoreau;T00_30;16230;Montmoreau;4.0
16281;La Rochefoucauld-en-Angoumois;T02_20;16281;La Rochefoucauld-en-Angoumois;2.0
16286;Rouillac;T00_30;16286;Rouillac;4.0
16292;Ruffec;T01_10;16292;Ruffec;1.0
16366;Segonzac;T00_30;16366;Segonzac;4.0
16408;Villebois-Lavalette;T02_20;16408;Villebois-Lavalette;2.0
17024;Aulnay;T00_30;17024;Aulnay;4.0
17127;Courçon;T03_20;17127;Courçon;
17172;Gémozac;T00_30;17172;Gémozac;4.0
17197;Jonzac;T01_10;17197;Jonzac;1.0
17218;Marans;T03_20;17218;Marans;
17219;Marennes-Hiers-Brouage;T01_10;17219;Marennes-Hiers-Brouage;1.0
17224;Matha;T00_30;17224;Matha;4.0
17236;Mirambeau;T00_30;17236;Mirambeau;4.0
17240;Montendre;T00_30;17240;Montendre;4.0
17241;Montguyon;T00_30;17241;Montguyon;4.0
17283;Pons;T01_10;17283;Pons;1.0
17284;Pont-l'Abbé-d'Arnoult;T02_20;17284;Pont-l'Abbé-d'Arnoult;2.0
17309;Saint-Aigulin;T00_30;17309;Saint-Aigulin;4.0
17331;Saint-Genis-de-Saintonge;T00_30;17331;Saint-Genis-de-Saintonge;4.0
17347;Saint-Jean-d'Angély;T01_10;17347;Saint-Jean-d'Angély;1.0
17385;Saint-Pierre-d'Oléron;T00_30;17385;Saint-Pierre-d'Oléron;4.0
17387;Saint-Porchaire;T02_20;17387;Saint-Porchaire;2.0
17397;Saint-Savinien;T00_30;17397;Saint-Savinien;4.0
17421;Saujon;T02_20;17421;Saujon;2.0
17434;Surgères;T01_10;17434;Surgères;1.0
18003;Les Aix-d'Angillon;T02_20;18003;Les Aix-d'Angillon;2.0
18015;Aubigny-sur-Nère;T01_10;18015;Aubigny-sur-Nère;1.0
18018;Avord;T02_20;18018;Avord;2.0
18023;Baugy;T02_20;18023;Baugy;2.0
18057;Châteaumeillant;T00_30;18057;Châteaumeillant;4.0
18058;Châteauneuf-sur-Cher;T02_20;18058;Châteauneuf-sur-Cher;2.0
18087;Dun-sur-Auron;T02_20;18087;Dun-sur-Auron;2.0
18108;La Guerche-sur-l'Aubois;T02_20;18108;La Guerche-sur-l'Aubois;2.0
18109;Henrichemont;T02_20;18109;Henrichemont;2.0
18127;Lignières;T00_30;18127;Lignières;4.0
18141;Mehun-sur-Yèvre;T02_20;18141;Mehun-sur-Yèvre;2.0
18197;Saint-Amand-Montrond;T01_10;18197;Saint-Amand-Montrond;1.0
18207;Saint-Florent-sur-Cher;T02_20;18207;Saint-Florent-sur-Cher;2.0
18223;Saint-Martin-d'Auxigny;T02_20;18223;Saint-Martin-d'Auxigny;2.0
18233;Saint-Satur;T01_10;18233;Saint-Satur;1.0
18241;Sancerre;T01_10;18241;Sancerre;1.0
18242;Sancoins;T00_30;18242;Sancoins;4.0
19010;Argentat-sur-Dordogne;T01_10;19010;Argentat-sur-Dordogne;1.0
19011;Arnac-Pompadour;T00_30;19011;Arnac-Pompadour;4.0
19019;Beaulieu-sur-Dordogne;T01_20;19019;Beaulieu-sur-Dordogne;1.0
19023;Beynat;T02_20;19023;Beynat;2.0
19028;Bort-les-Orgues;T01_10;19028;Bort-les-Orgues;1.0
19036;Chamberet;T00_30;19036;Chamberet;4.0
19073;Égletons;T01_10;19073;Égletons;1.0
19121;Lubersac;T00_30;19121;Lubersac;4.0
19138;Meyssac;T02_20;19138;Meyssac;2.0
19148;Neuvic;T00_30;19148;Neuvic;4.0
19269;Treignac;T00_30;19269;Treignac;4.0
19275;Ussel;T01_10;19275;Ussel;1.0
19276;Uzerche;T01_10;19276;Uzerche;1.0
21023;Arnay-le-Duc;T00_30;21023;Arnay-le-Duc;4.0
21038;Auxonne;T03_20;21038;Auxonne;
21103;Brazey-en-Plaine;T03_20;21103;Brazey-en-Plaine;
21154;Châtillon-sur-Seine;T01_10;21154;Châtillon-sur-Seine;1.0
21292;Genlis;T03_20;21292;Genlis;
21317;Is-sur-Tille;T03_20;21317;Is-sur-Tille;
21425;Montbard;T01_10;21425;Montbard;1.0
21501;Pouilly-en-Auxois;T00_30;21501;Pouilly-en-Auxois;4.0
21554;Saint-Jean-de-Losne;T03_20;21554;Saint-Jean-de-Losne;
21584;Saulieu;T00_30;21584;Saulieu;4.0
21603;Semur-en-Auxois;T01_10;21603;Semur-en-Auxois;1.0
21607;Seurre;T00_30;21607;Seurre;4.0
21663;Venarey-les-Laumes;T01_10;21663;Venarey-les-Laumes;1.0
21710;Vitteaux;T00_30;21710;Vitteaux;4.0
22004;Bégard;T02_20;22004;Bégard;2.0
22020;Broons;T01_10;22020;Broons;1.0
22025;Callac;T00_30;22025;Callac;4.0
22032;Caulnes;T00_30;22032;Caulnes;4.0
22050;Dinan;T01_10;22050;Dinan;1.0
22070;Guingamp;T01_10;22070;Guingamp;1.0
22084;Jugon-les-Lacs;T00_30;22084;Jugon-les-Lacs - Commune nouvelle;4.0
22093;Lamballe-Armor;T03_20;22093;Lamballe-Armor;
22121;Lanvollon;T00_30;22121;Lanvollon;4.0
22136;Loudéac;T01_10;22136;Loudéac;1.0
22137;Maël-Carhaix;T01_20;22137;Maël-Carhaix;1.0
22143;Matignon;T00_30;22143;Matignon;4.0
22147;Merdrignac;T00_30;22147;Merdrignac;4.0
22158;Guerlédan;T00_30;22158;Guerlédan;4.0
22162;Paimpol;T01_10;22162;Paimpol;1.0
22172;Plancoët;T01_10;22172;Plancoët;1.0
22183;Plémet;T01_20;22183;Plémet;1.0
22194;Plestin-les-Grèves;T02_20;22194;Plestin-les-Grèves;2.0
22203;Plœuc-L'Hermitage;T03_20;22203;Plœuc-L'Hermitage;
22206;Châtelaudren-Plouagat;T03_20;22206;Châtelaudren-Plouagat;
22207;Plouaret;T02_20;22207;Plouaret;2.0
22222;Plouha;T00_30;22222;Plouha;4.0
22262;Quintin;T03_20;22262;Quintin;
22266;Rostrenen;T01_10;22266;Rostrenen;1.0
22321;Saint-Nicolas-du-Pélem;T00_30;22321;Saint-Nicolas-du-Pélem;4.0
22362;Tréguier;T01_10;22362;Tréguier;1.0
23001;Ahun;T01_20;23001;Ahun;1.0
23008;Aubusson;T01_10;23008;Aubusson;1.0
23013;Auzances;T00_30;23013;Auzances;4.0
23021;Bénévent-l'Abbaye;T01_20;23021;Bénévent-l'Abbaye;1.0
23025;Bonnat;T01_20;23025;Bonnat;1.0
23030;Bourganeuf;T00_30;23030;Bourganeuf;4.0
23031;Boussac;T00_30;23031;Boussac;4.0
23045;Chambon-sur-Voueize;T00_30;23045;Chambon-sur-Voueize;4.0
23061;Chénérailles;T00_30;23061;Chénérailles;4.0
23067;La Courtine;T00_30;23067;La Courtine;4.0
23069;Crocq;T00_30;23069;Crocq;4.0
23070;Crozant;T00_30;23070;Crozant;4.0
23075;Dun-le-Palestel;T01_20;23075;Dun-le-Palestel;1.0
23076;Évaux-les-Bains;T00_30;23076;Évaux-les-Bains;4.0
23079;Felletin;T00_30;23079;Felletin;4.0
23089;Genouillac;T00_30;23089;Genouillac;4.0
23093;Gouzon;T00_30;23093;Gouzon;4.0
23100;Jarnages;T01_20;23100;Jarnages;1.0
23105;Lavaveix-les-Mines;T01_20;23105;Lavaveix-les-Mines;1.0
23131;Mérinchal;T00_30;23131;Mérinchal;4.0
23176;La Souterraine;T01_10;23176;La Souterraine;1.0
23247;Saint-Vaury;T01_20;23247;Saint-Vaury;1.0
24028;Beaumontois en Périgord;T00_30;24028;Beaumontois en Périgord;4.0
24035;Pays de Belvès;T00_30;24035;Pays de Belvès;4.0
24064;Brantôme en Périgord;T00_30;24064;Brantôme en Périgord;4.0
24068;Le Buisson-de-Cadouin;T00_30;24068;Le Buisson-de-Cadouin;4.0
24164;Excideuil;T00_30;24164;Excideuil;4.0
24167;Eymet;T00_30;24167;Eymet;4.0
24212;Issigeac;T02_20;24212;Issigeac;2.0
24223;Lalinde;T00_30;24223;Lalinde;4.0
24227;Lanouaille;T00_30;24227;Lanouaille;4.0
24294;Montpon-Ménestérol;T01_10;24294;Montpon-Ménestérol;1.0
24299;Mussidan;T00_30;24299;Mussidan;4.0
24311;Nontron;T01_10;24311;Nontron;1.0
24352;Ribérac;T01_10;24352;Ribérac;1.0
24354;La Roche-Chalais;T00_30;24354;La Roche-Chalais;4.0
24376;Saint Aulaye-Puymangou;T00_30;24376;Saint Aulaye-Puymangou;4.0
24396;Saint-Cyprien;T00_30;24396;Saint-Cyprien;4.0
24520;Sarlat-la-Canéda;T01_10;24520;Sarlat-la-Canéda;1.0
24547;Terrasson-Lavilledieu;T02_20;24547;Terrasson-Lavilledieu;2.0
24550;Thenon;T00_30;24550;Thenon;4.0
24551;Thiviers;T01_10;24551;Thiviers;1.0
25022;Arcey;T02_20;25022;Arcey;2.0
25047;Baume-les-Dames;T03_20;25047;Baume-les-Dames;
25156;Pays-de-Clerval;T00_30;25156;Pays-de-Clerval;4.0
25237;Fesches-le-Châtel;T02_20;25237;Fesches-le-Châtel;2.0
25259;Frasne;T01_20;25259;Frasne;1.0
25315;L'Isle-sur-le-Doubs;T02_20;25315;L'Isle-sur-le-Doubs;2.0
25334;Levier;T01_20;25334;Levier;1.0
25411;Morteau;T01_10;25411;Morteau;1.0
25434;Ornans;T03_20;25434;Ornans;
25463;Pont-de-Roide-Vermondans;T02_20;25463;Pont-de-Roide-Vermondans;2.0
25475;Quingey;T03_20;25475;Quingey;
25505;Rougemont;T00_30;25505;Rougemont;4.0
25512;Le Russey;T01_20;25512;Le Russey;1.0
25578;Valdahon;T01_10;25578;Valdahon;1.0
26063;Buis-les-Baronnies;T00_30;26063;Buis-les-Baronnies;4.0
26074;La Chapelle-en-Vercors;T00_30;26074;La Chapelle-en-Vercors;4.0
26095;Cléon-d'Andran;T02_20;26095;Cléon-d'Andran;2.0
26108;Crest;T01_10;26108;Crest;1.0
26113;Die;T01_10;26113;Die;1.0
26114;Dieulefit;T00_30;26114;Dieulefit;4.0
26165;Livron-sur-Drôme;T03_20;26165;Livron-sur-Drôme;
26166;Loriol-sur-Drôme;T03_20;26166;Loriol-sur-Drôme;
26220;Nyons;T01_10;26220;Nyons;1.0
26301;Saint-Donat-sur-l'Herbasse;T02_20;26301;Saint-Donat-sur-l'Herbasse;2.0
26307;Saint-Jean-en-Royans;T00_30;26307;Saint-Jean-en-Royans;4.0
26333;Saint-Vallier;T01_10;26333;Saint-Vallier;1.0
27016;Les Andelys;T01_10;27016;Les Andelys;1.0
27022;Le Val d'Hazey;T45_20;27022;Le Val d'Hazey;3.0
27049;Mesnil-en-Ouche;T01_20;27049;Mesnil-en-Ouche;1.0
27051;Beaumont-le-Roger;T00_30;27051;Beaumont-le-Roger;4.0
27056;Bernay;T01_10;27056;Bernay;1.0
27065;Beuzeville;T01_10;27065;Beuzeville;1.0
27103;Bourg-Achard;T03_20;27103;Bourg-Achard;
27105;Grand Bourgtheroulde;T03_20;27105;Grand Bourgtheroulde;
27112;Breteuil;T00_30;27112;Breteuil;4.0
27116;Brionne;T01_10;27116;Brionne;1.0
27117;Broglie;T01_20;27117;Broglie;1.0
27151;Charleval;T00_30;27151;Charleval;4.0
27165;Conches-en-Ouche;T02_20;27165;Conches-en-Ouche;2.0
27170;Cormeilles;T00_30;27170;Cormeilles;4.0
27198;Mesnils-sur-Iton;T02_20;27198;Mesnils-sur-Iton;2.0
27213;Vexin-sur-Epte;T45_20;27213;Vexin-sur-Epte;3.0
27226;Étrépagny;T45_20;27226;Étrépagny;3.0
27230;Ézy-sur-Eure;T45_20;27230;Ézy-sur-Eure;3.0
27246;Fleury-sur-Andelle;T03_20;27246;Fleury-sur-Andelle;
27275;Gaillon;T01_10;27275;Gaillon;1.0
27279;Gasny;T45_20;27279;Gasny;3.0
27284;Gisors;T45_20;27284;Gisors;3.0
27355;Ivry-la-Bataille;T45_20;27355;Ivry-la-Bataille;3.0
27377;Lyons-la-Forêt;T00_30;27377;Lyons-la-Forêt;4.0
27413;Montfort-sur-Risle;T00_30;27413;Montfort-sur-Risle;4.0
27428;Le Neubourg;T01_10;27428;Le Neubourg;1.0
27438;Nonancourt;T01_10;27438;Nonancourt;1.0
27448;Pacy-sur-Eure;T45_20;27448;Pacy-sur-Eure;3.0
27467;Pont-Audemer;T01_10;27467;Pont-Audemer;1.0
27469;Pont-de-l'Arche;T03_20;27469;Pont-de-l'Arche;
27470;Pont-Saint-Pierre;T03_20;27470;Pont-Saint-Pierre;
27493;Romilly-sur-Andelle;T03_20;27493;Romilly-sur-Andelle;
27502;Rugles;T01_20;27502;Rugles;1.0
27507;Saint-André-de-l'Eure;T02_20;27507;Saint-André-de-l'Eure;2.0
27629;Thiberville;T01_20;27629;Thiberville;1.0
27679;Verneuil d'Avre et d'Iton;T01_10;27679;Verneuil d'Avre et d'Iton;1.0
28018;Authon-du-Perche;T00_30;28018;Authon-du-Perche;4.0
28027;La Bazoche-Gouet;T00_30;28027;La Bazoche-Gouet;4.0
28059;Brezolles;T00_30;28059;Brezolles;4.0
28061;Brou;T01_10;28061;Brou;1.0
28089;Châteauneuf-en-Thymerais;T02_20;28089;Châteauneuf-en-Thymerais;2.0
28116;Courville-sur-Eure;T02_20;28116;Courville-sur-Eure;2.0
28140;Épernon;T45_20;28140;Épernon;3.0
28149;La Ferté-Vidame;T00_30;28149;La Ferté-Vidame;4.0
28196;Illiers-Combray;T02_20;28196;Illiers-Combray;2.0
28199;Janville-en-Beauce;T00_30;28199;Janville-en-Beauce;4.0
28214;La Loupe;T01_10;28214;La Loupe;1.0
28279;Nogent-le-Roi;T45_20;28279;Nogent-le-Roi;3.0
28348;Saint-Lubin-des-Joncherets;T01_10;28348;Saint-Lubin-des-Joncherets;1.0
28373;Senonches;T00_30;28373;Senonches;4.0
28387;Thiron-Gardais;T01_20;28387;Thiron-Gardais;1.0
28391;Toury;T00_30;28391;Toury;4.0
28393;Tremblay-les-Villages;T02_20;28393;Tremblay-les-Villages;2.0
29003;Audierne;T00_30;29003;Audierne;4.0
29020;Briec;T03_20;29020;Briec;
29024;Carhaix-Plouguer;T01_10;29024;Carhaix-Plouguer;1.0
29026;Châteaulin;T01_10;29026;Châteaulin;1.0
29027;Châteauneuf-du-Faou;T01_10;29027;Châteauneuf-du-Faou;1.0
29039;Concarneau;T03_20;29039;Concarneau;
29042;Crozon;T01_10;29042;Crozon;1.0
29043;Daoulas;T03_20;29043;Daoulas;
29046;Douarnenez;T03_20;29046;Douarnenez;
29053;Le Faou;T03_20;29053;Le Faou;
29055;Le Folgoët;T03_20;29055;Le Folgoët;
29072;Guilvinec;T00_30;29072;Guilvinec;4.0
29081;Huelgoat;T00_30;29081;Huelgoat;4.0
29103;Landerneau;T03_20;29103;Landerneau;
29105;Landivisiau;T01_10;29105;Landivisiau;1.0
29117;Lannilis;T03_20;29117;Lannilis;
29124;Lesneven;T03_20;29124;Lesneven;
29135;Loctudy;T03_20;29135;Loctudy;
29158;Penmarch;T00_30;29158;Penmarch;4.0
29160;Plabennec;T03_20;29160;Plabennec;
29162;Pleyben;T01_10;29162;Pleyben;1.0
29163;Pleyber-Christ;T02_20;29163;Pleyber-Christ;2.0
29178;Ploudalmézeau;T03_20;29178;Ploudalmézeau;
29195;Plouguerneau;T03_20;29195;Plouguerneau;
29197;Plouhinec;T00_30;29197;Plouhinec;4.0
29199;Plouigneau;T02_20;29199;Plouigneau;2.0
29210;Plouvorn;T01_20;29210;Plouvorn;1.0
29217;Pont-Aven;T00_30;29217;Pont-Aven;4.0
29220;Pont-l'Abbé;T03_20;29220;Pont-l'Abbé;
29233;Quimperlé;T01_10;29233;Quimperlé;1.0
29241;Rosporden;T03_20;29241;Rosporden;
29259;Saint-Pol-de-Léon;T01_10;29259;Saint-Pol-de-Léon;1.0
29260;Saint-Renan;T03_20;29260;Saint-Renan;
29274;Scaër;T00_30;29274;Scaër;4.0
29277;Sizun;T00_30;29277;Sizun;4.0
29284;Treffiagat;T03_20;29284;Treffiagat;
29293;Trégunc;T00_30;29293;Trégunc;4.0
29302;Pont-de-Buis-lès-Quimerch;T01_10;29302;Pont-de-Buis-lès-Quimerch;1.0
2A041;Bonifacio;T00_30;2A041;Bonifacio;4.0
2A228;Pietrosella;T02_20;2A228;Pietrosella;2.0
2A247;Porto-Vecchio;T01_10;2A247;Porto-Vecchio;1.0
2A249;Propriano;T01_10;2A249;Propriano;1.0
2A272;Sartène;T00_30;2A272;Sartène;4.0
2A348;Vico;T02_20;2A348;Vico;2.0
2B050;Calvi;T01_10;2B050;Calvi;1.0
2B096;Corte;T01_10;2B096;Corte;1.0
2B123;Ghisonaccia;T00_30;2B123;Ghisonaccia;4.0
2B134;L'Île-Rousse;T01_10;2B134;L'Île-Rousse;1.0
2B152;Luri;T02_20;2B152;Luri;2.0
2B298;Saint-Florent;T00_30;2B298;Saint-Florent;4.0
30003;Aigues-Mortes;T01_10;30003;Aigues-Mortes;1.0
30010;Anduze;T02_20;30010;Anduze;2.0
30012;Aramon;T03_20;30012;Aramon;
30029;Barjac;T00_30;30029;Barjac;4.0
30032;Beaucaire;T01_10;30032;Beaucaire;1.0
30034;Bellegarde;T03_20;30034;Bellegarde;
30062;Calvisson;T03_20;30062;Calvisson;
30132;La Grand-Combe;T02_20;30132;La Grand-Combe;2.0
30133;Le Grau-du-Roi;T01_10;30133;Le Grau-du-Roi;1.0
30202;Pont-Saint-Esprit;T01_10;30202;Pont-Saint-Esprit;1.0
30210;Quissac;T00_30;30210;Quissac;4.0
30212;Remoulins;T03_20;30212;Remoulins;
30221;Roquemaure;T03_20;30221;Roquemaure;
30227;Saint-Ambroix;T02_20;30227;Saint-Ambroix;2.0
30258;Saint-Gilles;T03_20;30258;Saint-Gilles;
30259;Saint-Hilaire-de-Brethmas;T02_20;30259;Saint-Hilaire-de-Brethmas;2.0
30263;Saint-Hippolyte-du-Fort;T00_30;30263;Saint-Hippolyte-du-Fort;4.0
30269;Saint-Jean-du-Gard;T00_30;30269;Saint-Jean-du-Gard;4.0
30321;Sommières;T01_10;30321;Sommières;1.0
30341;Vauvert;T03_20;30341;Vauvert;
30350;Le Vigan;T01_10;30350;Le Vigan;1.0
31020;Aspet;T01_20;31020;Aspet;1.0
31028;Aurignac;T00_30;31028;Aurignac;4.0
31033;Auterive;T45_20;31033;Auterive;3.0
31042;Bagnères-de-Luchon;T01_10;31042;Bagnères-de-Luchon;1.0
31080;Boulogne-sur-Gesse;T00_30;31080;Boulogne-sur-Gesse;4.0
31098;Cadours;T45_20;31098;Cadours;3.0
31106;Caraman;T45_20;31106;Caraman;3.0
31107;Carbonne;T45_20;31107;Carbonne;3.0
31135;Cazères;T45_20;31135;Cazères;3.0
31202;Fronton;T45_20;31202;Fronton;3.0
31232;Grenade;T45_20;31232;Grenade;3.0
31239;L'Isle-en-Dodon;T00_30;31239;L'Isle-en-Dodon;4.0
31324;Martres-Tolosane;T45_20;31324;Martres-Tolosane;3.0
31396;Nailloux;T45_20;31396;Nailloux;3.0
31454;Rieumes;T45_20;31454;Rieumes;3.0
31503;Saint-Martory;T00_30;31503;Saint-Martory;4.0
31523;Salies-du-Salat;T00_30;31523;Salies-du-Salat;4.0
31582;Villefranche-de-Lauragais;T45_20;31582;Villefranche-de-Lauragais;3.0
31584;Villemur-sur-Tarn;T45_20;31584;Villemur-sur-Tarn;3.0
32079;Castelnau d'Auzan Labarrère;T00_30;32079;Castelnau d'Auzan Labarrère;4.0
32096;Cazaubon;T00_30;32096;Cazaubon;4.0
32106;Cologne;T45_20;32106;Cologne;3.0
32107;Condom;T01_10;32107;Condom;1.0
32119;Eauze;T01_10;32119;Eauze;1.0
32132;Fleurance;T02_20;32132;Fleurance;2.0
32147;Gimont;T45_20;32147;Gimont;3.0
32160;L'Isle-Jourdain;T45_20;32160;L'Isle-Jourdain;3.0
32208;Lectoure;T01_10;32208;Lectoure;1.0
32213;Lombez;T45_20;32213;Lombez;3.0
32233;Marciac;T00_30;32233;Marciac;4.0
32242;Masseube;T02_20;32242;Masseube;2.0
32249;Mauvezin;T00_30;32249;Mauvezin;4.0
32252;Miélan;T00_30;32252;Miélan;4.0
32256;Mirande;T01_10;32256;Mirande;1.0
32285;Montesquiou;T01_20;32285;Montesquiou;1.0
32296;Nogaro;T01_10;32296;Nogaro;1.0
32319;Plaisance;T00_30;32319;Plaisance;4.0
32344;Riscle;T00_30;32344;Riscle;4.0
32370;Saint-Clar;T00_30;32370;Saint-Clar;4.0
32410;Samatan;T45_20;32410;Samatan;3.0
32426;Seissan;T02_20;32426;Seissan;2.0
32459;Valence-sur-Baïse;T01_20;32459;Valence-sur-Baïse;1.0
32462;Vic-Fezensac;T01_10;32462;Vic-Fezensac;1.0
33036;Bazas;T01_10;33036;Bazas;1.0
33042;Belin-Béliet;T45_20;33042;Belin-Béliet;3.0
33058;Blaye;T01_10;33058;Blaye;1.0
33067;Bourg;T45_20;33067;Bourg;3.0
33081;Cadillac-sur-Garonne;T45_20;33081;Cadillac-sur-Garonne;3.0
33108;Castillon-la-Bataille;T00_30;33108;Castillon-la-Bataille;4.0
33138;Coutras;T02_20;33138;Coutras;2.0
33140;Créon;T45_20;33140;Créon;3.0
33227;Langon;T45_20;33227;Langon;3.0
33240;Lesparre-Médoc;T01_10;33240;Lesparre-Médoc;1.0
33314;Pauillac;T01_10;33314;Pauillac;1.0
33327;Podensac;T45_20;33327;Podensac;3.0
33352;La Réole;T01_10;33352;La Réole;1.0
33366;Saint-André-de-Cubzac;T45_20;33366;Saint-André-de-Cubzac;3.0
33389;Saint-Ciers-sur-Gironde;T00_30;33389;Saint-Ciers-sur-Gironde;4.0
33402;Sainte-Foy-la-Grande;T01_10;33402;Sainte-Foy-la-Grande;1.0
34028;Bédarieux;T01_10;34028;Bédarieux;1.0
34069;Cazouls-lès-Béziers;T02_20;34069;Cazouls-lès-Béziers;2.0
34079;Clermont-l'Hérault;T45_20;34079;Clermont-l'Hérault;3.0
34081;Colombiers;T02_20;34081;Colombiers;2.0
34101;Florensac;T02_20;34101;Florensac;2.0
34111;Ganges;T45_20;34111;Ganges;3.0
34114;Gignac;T45_20;34114;Gignac;3.0
34142;Lodève;T01_10;34142;Lodève;1.0
34143;Loupian;T45_20;34143;Loupian;3.0
34147;Magalas;T02_20;34147;Magalas;2.0
34150;Marseillan;T02_20;34150;Marseillan;2.0
34162;Montagnac;T00_30;34162;Montagnac;4.0
34189;Olonzac;T02_20;34189;Olonzac;2.0
34199;Pézenas;T01_10;34199;Pézenas;1.0
34239;Saint-André-de-Sangonis;T45_20;34239;Saint-André-de-Sangonis;3.0
34245;Saint-Chinian;T00_30;34245;Saint-Chinian;4.0
34284;Saint-Pons-de-Thomières;T00_30;34284;Saint-Pons-de-Thomières;4.0
34293;La Salvetat-sur-Agout;T00_30;34293;La Salvetat-sur-Agout;4.0
35004;Val-Couesnon;T00_30;35004;Val-Couesnon;4.0
35012;Bain-de-Bretagne;T45_20;35012;Bain-de-Bretagne;3.0
35019;Bazouges-la-Pérouse;T00_30;35019;Bazouges-la-Pérouse;4.0
35023;Bédée;T45_20;35023;Bédée;3.0
35037;Bréal-sous-Montfort;T45_20;35037;Bréal-sous-Montfort;3.0
35049;Cancale;T02_20;35049;Cancale;2.0
35069;Châteaugiron;T45_20;35069;Châteaugiron;3.0
35072;Châtillon-en-Vendelais;T02_20;35072;Châtillon-en-Vendelais;2.0
35085;Combourg;T45_20;35085;Combourg;3.0
35093;Dinard;T02_20;35093;Dinard;2.0
35095;Dol-de-Bretagne;T02_20;35095;Dol-de-Bretagne;2.0
35109;Étrelles;T02_20;35109;Étrelles;2.0
35124;Grand-Fougeray;T00_30;35124;Grand-Fougeray;4.0
35125;La Guerche-de-Bretagne;T01_10;35125;La Guerche-de-Bretagne;1.0
35126;Guichen;T45_20;35126;Guichen;3.0
35136;Janzé;T45_20;35136;Janzé;3.0
35152;Liffré;T45_20;35152;Liffré;3.0
35162;Louvigné-du-Désert;T02_20;35162;Louvigné-du-Désert;2.0
35167;Martigné-Ferchaud;T00_30;35167;Martigné-Ferchaud;4.0
35168;Val d'Anast;T45_20;35168;Val d'Anast;3.0
35173;Melesse;T45_20;35173;Melesse;3.0
35176;Guipry-Messac;T45_20;35176;Guipry-Messac;3.0
35177;La Mézière;T45_20;35177;La Mézière;3.0
35184;Montauban-de-Bretagne;T45_20;35184;Montauban-de-Bretagne;3.0
35188;Montfort-sur-Meu;T45_20;35188;Montfort-sur-Meu;3.0
35207;Noyal-sur-Vilaine;T45_20;35207;Noyal-sur-Vilaine;3.0
35219;Pipriac;T00_30;35219;Pipriac;4.0
35222;Pleine-Fougères;T01_20;35222;Pleine-Fougères;1.0
35223;Plélan-le-Grand;T45_20;35223;Plélan-le-Grand;3.0
35227;Pleumeleuc;T45_20;35227;Pleumeleuc;3.0
35228;Pleurtuit;T02_20;35228;Pleurtuit;2.0
35239;Retiers;T45_20;35239;Retiers;3.0
35251;Saint-Aubin-d'Aubigné;T45_20;35251;Saint-Aubin-d'Aubigné;3.0
35253;Saint-Aubin-du-Cormier;T45_20;35253;Saint-Aubin-du-Cormier;3.0
35257;Maen Roch;T00_30;35257;Maen Roch;4.0
35282;Rives-du-Couesnon;T45_20;35282;Rives-du-Couesnon;3.0
35284;Saint-Jouan-des-Guérets;T02_20;35284;Saint-Jouan-des-Guérets;2.0
35297;Saint-Méen-le-Grand;T01_10;35297;Saint-Méen-le-Grand;1.0
35308;Mesnil-Roc'h;T02_20;35308;Mesnil-Roc'h;2.0
35337;Tinténiac;T45_20;35337;Tinténiac;3.0
36001;Aigurande;T00_30;36001;Aigurande;4.0
36005;Ardentes;T02_20;36005;Ardentes;2.0
36006;Argenton-sur-Creuse;T01_10;36006;Argenton-sur-Creuse;1.0
36018;Le Blanc;T01_10;36018;Le Blanc;1.0
36031;Buzançais;T02_20;36031;Buzançais;2.0
36034;Chabris;T01_20;36034;Chabris;1.0
36045;Châtillon-sur-Indre;T00_30;36045;Châtillon-sur-Indre;4.0
36046;La Châtre;T01_10;36046;La Châtre;1.0
36063;Déols;T02_10;36063;Déols;2.0
36093;Levroux;T02_20;36093;Levroux;2.0
36141;Neuvy-Saint-Sépulchre;T02_20;36141;Neuvy-Saint-Sépulchre;2.0
36192;Saint-Gaultier;T00_30;36192;Saint-Gaultier;4.0
36208;Sainte-Sévère-sur-Indre;T00_30;36208;Sainte-Sévère-sur-Indre;4.0
36228;Valençay;T00_30;36228;Valençay;4.0
36230;Vatan;T00_30;36230;Vatan;4.0
36241;Villedieu-sur-Indre;T02_20;36241;Villedieu-sur-Indre;2.0
37020;Beaulieu-lès-Loches;T01_10;37020;Beaulieu-lès-Loches;1.0
37027;Bléré;T03_20;37027;Bléré;
37031;Bourgueil;T00_30;37031;Bourgueil;4.0
37062;Château-la-Vallière;T03_20;37062;Château-la-Vallière;
37063;Château-Renault;T03_20;37063;Château-Renault;
37091;La Croix-en-Touraine;T03_20;37091;La Croix-en-Touraine;
37115;Descartes;T00_30;37115;Descartes;4.0
37119;L'Île-Bouchard;T00_30;37119;L'Île-Bouchard;4.0
37123;Langeais;T03_20;37123;Langeais;
37130;Ligueil;T00_30;37130;Ligueil;4.0
37132;Loches;T01_10;37132;Loches;1.0
37167;Neuillé-Pont-Pierre;T03_20;37167;Neuillé-Pont-Pierre;
37189;Preuilly-sur-Claise;T00_30;37189;Preuilly-sur-Claise;4.0
37196;Richelieu;T00_30;37196;Richelieu;4.0
37225;Saint-Martin-le-Beau;T03_20;37225;Saint-Martin-le-Beau;
37226;Sainte-Maure-de-Touraine;T03_20;37226;Sainte-Maure-de-Touraine;
38034;Beaurepaire;T01_10;38034;Beaurepaire;1.0
38052;Le Bourg-d'Oisans;T00_30;38052;Le Bourg-d'Oisans;4.0
38087;Chasse-sur-Rhône;T45_20;38087;Chasse-sur-Rhône;3.0
38130;La Côte-Saint-André;T01_10;38130;La Côte-Saint-André;1.0
38138;Crémieu;T45_20;38138;Crémieu;3.0
38226;Mens;T00_30;38226;Mens;4.0
38269;La Mure;T45_20;38269;La Mure;3.0
38314;Pontcharra;T45_20;38314;Pontcharra;3.0
38315;Le Pont-de-Beauvoisin;T01_10;38315;Le Pont-de-Beauvoisin;1.0
38412;Saint-Laurent-du-Pont;T45_20;38412;Saint-Laurent-du-Pont;3.0
38416;Saint-Marcellin;T01_10;38416;Saint-Marcellin;1.0
38509;La Tour-du-Pin;T01_10;38509;La Tour-du-Pin;1.0
38517;Tullins;T45_20;38517;Tullins;3.0
38548;Villard-de-Lans;T45_20;38548;Villard-de-Lans;3.0
39013;Arbois;T01_10;39013;Arbois;1.0
39016;Arinthod;T00_30;39016;Arinthod;4.0
39333;Moirans-en-Montagne;T00_30;39333;Moirans-en-Montagne;4.0
39368;Hauts de Bienne;T01_10;39368;Hauts de Bienne;1.0
39434;Poligny;T01_10;39434;Poligny;1.0
39478;Saint-Claude;T01_10;39478;Saint-Claude;1.0
39500;Salins-les-Bains;T01_10;39500;Salins-les-Bains;1.0
40001;Aire-sur-l'Adour;T01_10;40001;Aire-sur-l'Adour;1.0
40002;Amou;T00_30;40002;Amou;4.0
40102;Gabarret;T00_30;40102;Gabarret;4.0
40110;Geaune;T00_30;40110;Geaune;4.0
40117;Grenade-sur-l'Adour;T02_20;40117;Grenade-sur-l'Adour;2.0
40119;Hagetmau;T01_10;40119;Hagetmau;1.0
40134;Labouheyre;T00_30;40134;Labouheyre;4.0
40194;Montfort-en-Chalosse;T02_20;40194;Montfort-en-Chalosse;2.0
40197;Morcenx-la-Nouvelle;T01_10;40197;Morcenx-la-Nouvelle;1.0
40201;Mugron;T00_30;40201;Mugron;4.0
40224;Peyrehorade;T01_10;40224;Peyrehorade;1.0
40245;Roquefort;T02_20;40245;Roquefort;2.0
40282;Saint-Sever;T02_20;40282;Saint-Sever;2.0
40331;Villeneuve-de-Marsan;T02_20;40331;Villeneuve-de-Marsan;2.0
41025;Bracieux;T02_20;41025;Bracieux;2.0
41095;Fréteval;T01_20;41095;Fréteval;1.0
41106;Lamotte-Beuvron;T03_20;41106;Lamotte-Beuvron;
41123;Marchenoir;T00_30;41123;Marchenoir;4.0
41136;Mer;T02_20;41136;Mer;2.0
41143;Mondoubleau;T00_30;41143;Mondoubleau;4.0
41149;Montoire-sur-le-Loir;T01_10;41149;Montoire-sur-le-Loir;1.0
41151;Montrichard Val de Cher;T01_10;41151;Montrichard Val de Cher;1.0
41154;Morée;T01_20;41154;Morée;1.0
41159;Neung-sur-Beuvron;T00_30;41159;Neung-sur-Beuvron;4.0
41167;Veuzain-sur-Loire;T02_20;41167;Veuzain-sur-Loire;2.0
41171;Oucques La Nouvelle;T02_20;41171;Oucques La Nouvelle;2.0
41173;Beauce la Romaine;T03_20;41173;Beauce la Romaine;
41198;Saint-Aignan;T01_10;41198;Saint-Aignan;1.0
41232;Salbris;T01_10;41232;Salbris;1.0
41242;Selles-sur-Cher;T00_30;41242;Selles-sur-Cher;4.0
41269;Vendôme;T01_10;41269;Vendôme;1.0
42011;Balbigny;T00_30;42011;Balbigny;4.0
42019;Boën-sur-Lignon;T00_30;42019;Boën-sur-Lignon;4.0
42023;Bourg-Argental;T02_20;42023;Bourg-Argental;2.0
42052;Charlieu;T02_20;42052;Charlieu;2.0
42059;Chazelles-sur-Lyon;T01_10;42059;Chazelles-sur-Lyon;1.0
42094;Feurs;T01_10;42094;Feurs;1.0
42156;Neulise;T02_20;42156;Neulise;2.0
42159;Noirétable;T00_30;42159;Noirétable;4.0
42165;Panissières;T00_30;42165;Panissières;4.0
42168;Pélussin;T00_30;42168;Pélussin;4.0
42181;Régny;T02_20;42181;Régny;2.0
42204;Saint-Bonnet-le-Château;T00_30;42204;Saint-Bonnet-le-Château;4.0
42224;Saint-Genest-Malifaux;T03_20;42224;Saint-Genest-Malifaux;
42230;Saint-Germain-Laval;T00_30;42230;Saint-Germain-Laval;4.0
42249;Saint-Just-la-Pendue;T02_20;42249;Saint-Just-la-Pendue;2.0
42289;Saint-Symphorien-de-Lay;T02_20;42289;Saint-Symphorien-de-Lay;2.0
42304;Sury-le-Comtal;T03_20;42304;Sury-le-Comtal;
43003;Allègre;T00_30;43003;Allègre;4.0
43012;Aurec-sur-Loire;T03_20;43012;Aurec-sur-Loire;
43016;Auzon;T01_20;43016;Auzon;1.0
43040;Brioude;T01_10;43040;Brioude;1.0
43042;Cayres;T02_20;43042;Cayres;2.0
43051;Le Chambon-sur-Lignon;T00_30;43051;Le Chambon-sur-Lignon;4.0
43077;Costaros;T02_20;43077;Costaros;2.0
43080;Craponne-sur-Arzon;T00_30;43080;Craponne-sur-Arzon;4.0
43087;Dunières;T00_30;43087;Dunières;4.0
43111;Landos;T00_30;43111;Landos;4.0
43112;Langeac;T01_10;43112;Langeac;1.0
43135;Le Monastier-sur-Gazeille;T02_20;43135;Le Monastier-sur-Gazeille;2.0
43137;Monistrol-sur-Loire;T03_20;43137;Monistrol-sur-Loire;
43141;Montfaucon-en-Velay;T00_30;43141;Montfaucon-en-Velay;4.0
43148;Paulhaguet;T00_30;43148;Paulhaguet;4.0
43154;Pradelles;T00_30;43154;Pradelles;4.0
43162;Retournac;T00_30;43162;Retournac;4.0
43163;Riotord;T00_30;43163;Riotord;4.0
43177;Saint-Didier-en-Velay;T03_20;43177;Saint-Didier-en-Velay;
43185;Sainte-Florine;T01_20;43185;Sainte-Florine;1.0
43200;Saint-Julien-Chapteuil;T02_20;43200;Saint-Julien-Chapteuil;2.0
43205;Saint-Just-Malmont;T03_20;43205;Saint-Just-Malmont;
43224;Sainte-Sigolène;T01_10;43224;Sainte-Sigolène;1.0
43234;Saugues;T00_30;43234;Saugues;4.0
43244;Tence;T00_30;43244;Tence;4.0
43267;Vorey;T02_20;43267;Vorey;2.0
43268;Yssingeaux;T01_10;43268;Yssingeaux;1.0
44003;Ancenis-Saint-Géréon;T02_10;44003;Ancenis-Saint-Géréon;2.0
44015;Blain;T45_20;44015;Blain;3.0
44043;Clisson;T45_20;44043;Clisson;3.0
44067;Guémené-Penfao;T00_30;44067;Guémené-Penfao;4.0
44069;Guérande;T03_20;44069;Guérande;
44071;Haute-Goulaine;T45_20;44071;Haute-Goulaine;3.0
44072;Herbignac;T00_30;44072;Herbignac;4.0
44084;Le Loroux-Bottereau;T45_20;44084;Le Loroux-Bottereau;3.0
44087;Machecoul-Saint-Même;T01_10;44087;Machecoul-Saint-Même;1.0
44098;Missillac;T03_20;44098;Missillac;
44110;Nort-sur-Erdre;T45_20;44110;Nort-sur-Erdre;3.0
44113;Nozay;T45_20;44113;Nozay;3.0
44116;Paimbœuf;T03_20;44116;Paimbœuf;
44129;Pontchâteau;T03_20;44129;Pontchâteau;
44131;Pornic;T01_10;44131;Pornic;1.0
44154;Saint-Brevin-les-Pins;T03_20;44154;Saint-Brevin-les-Pins;
44158;Saint-Étienne-de-Montluc;T45_20;44158;Saint-Étienne-de-Montluc;3.0
44161;Saint-Gildas-des-Bois;T00_30;44161;Saint-Gildas-des-Bois;4.0
44180;Vallons-de-l'Erdre;T02_20;44180;Vallons-de-l'Erdre;2.0
44186;Sainte-Pazanne;T45_20;44186;Sainte-Pazanne;3.0
44188;Saint-Philbert-de-Grand-Lieu;T45_20;44188;Saint-Philbert-de-Grand-Lieu;3.0
44195;Savenay;T45_20;44195;Savenay;3.0
44212;Vallet;T45_20;44212;Vallet;3.0
44213;Loireauxence;T02_20;44213;Loireauxence;2.0
45028;Beaugency;T03_20;45028;Beaugency;
45030;Beaune-la-Rolande;T00_30;45030;Beaune-la-Rolande;4.0
45053;Briare;T01_20;45053;Briare;1.0
45082;Châteauneuf-sur-Loire;T03_20;45082;Châteauneuf-sur-Loire;
45085;Châtillon-Coligny;T00_30;45085;Châtillon-Coligny;4.0
45115;Courtenay;T00_30;45115;Courtenay;4.0
45145;Ferrières-en-Gâtinais;T45_20;45145;Ferrières-en-Gâtinais;3.0
45146;La Ferté-Saint-Aubin;T03_20;45146;La Ferté-Saint-Aubin;
45187;Lorris;T00_30;45187;Lorris;4.0
45191;Le Malesherbois;T45_20;45191;Le Malesherbois;3.0
45203;Meung-sur-Loire;T03_20;45203;Meung-sur-Loire;
45224;Neuville-aux-Bois;T03_20;45224;Neuville-aux-Bois;
45248;Patay;T03_20;45248;Patay;
45258;Puiseaux;T45_20;45258;Puiseaux;3.0
45315;Sully-sur-Loire;T01_10;45315;Sully-sur-Loire;1.0
46029;Biars-sur-Cère;T01_10;46029;Biars-sur-Cère;1.0
46038;Bretenoux;T01_10;46038;Bretenoux;1.0
46045;Cajarc;T00_30;46045;Cajarc;4.0
46063;Castelnau-Montratier;T02_20;46063;Castelnau Montratier-Sainte Alauzie;2.0
46066;Cazals;T00_30;46066;Cazals;4.0
46127;Gourdon;T01_10;46127;Gourdon;1.0
46128;Gramat;T01_10;46128;Gramat;1.0
46143;Lacapelle-Marival;T00_30;46143;Lacapelle-Marival;4.0
46148;Lalbenque;T02_20;46148;Lalbenque;2.0
46173;Limogne-en-Quercy;T00_30;46173;Limogne-en-Quercy;4.0
46182;Luzech;T02_20;46182;Luzech;2.0
46185;Martel;T00_30;46185;Martel;4.0
46201;Montcuq-en-Quercy-Blanc;T00_30;46201;Montcuq-en-Quercy-Blanc;4.0
46225;Prayssac;T00_30;46225;Prayssac;4.0
46231;Puy-l'Évêque;T00_30;46231;Puy-l'Évêque;4.0
46251;Saint-Céré;N/A - résultat non disponible;46251;Saint-Céré;
46297;Salviac;T01_20;46297;Salviac;1.0
46309;Souillac;T01_10;46309;Souillac;1.0
46330;Vayrac;T01_20;46330;Vayrac;1.0
47004;Aiguillon;T00_30;47004;Aiguillon;4.0
47015;Astaffort;T02_20;47015;Astaffort;2.0
47021;Barbaste;T01_20;47021;Barbaste;1.0
47048;Cancon;T02_20;47048;Cancon;2.0
47052;Casteljaloux;T01_10;47052;Casteljaloux;1.0
47054;Castelmoron-sur-Lot;T00_30;47054;Castelmoron-sur-Lot;4.0
47057;Castillonnès;T00_30;47057;Castillonnès;4.0
47078;Damazan;T00_30;47078;Damazan;4.0
47086;Duras;T00_30;47086;Duras;4.0
47106;Fumel;T01_10;47106;Fumel;1.0
47143;Lavardac;T01_10;47143;Lavardac;1.0
47168;Miramont-de-Guyenne;T01_10;47168;Miramont-de-Guyenne;1.0
47175;Monflanquin;T02_20;47175;Monflanquin;2.0
47179;Monsempron-Libos;T01_10;47179;Monsempron-Libos;1.0
47195;Nérac;T01_10;47195;Nérac;1.0
47210;Port-Sainte-Marie;T00_30;47210;Port-Sainte-Marie;4.0
47252;Sainte-Livrade-sur-Lot;T02_20;47252;Sainte-Livrade-sur-Lot;2.0
47324;Villeréal;T00_30;47324;Villeréal;4.0
48017;Banassac-Canilhac;T00_30;48017;Banassac-Canilhac;4.0
48034;La Canourgue;T00_30;48034;La Canourgue;4.0
48038;Bel-Air-Val-d'Ance;T00_30;48038;Bel-Air-Val-d'Ance;4.0
48039;Chanac;T01_20;48039;Chanac;1.0
48061;Florac Trois Rivières;T00_30;48061;Florac Trois Rivières;4.0
48075;Ispagnac;T01_20;48075;Ispagnac;1.0
48080;Langogne;T00_30;48080;Langogne;4.0
48092;Marvejols;T01_10;48092;Marvejols;1.0
48094;Massegros Causses Gorges;T00_30;48094;Massegros Causses Gorges;4.0
48096;Meyrueis;T00_30;48096;Meyrueis;4.0
48099;Bourgs sur Colagne;T01_10;48099;Bourgs sur Colagne;1.0
48140;Saint-Chély-d'Apcher;T01_10;48140;Saint-Chély-d'Apcher;1.0
48146;Gorges du Tarn Causses;T00_30;48146;Gorges du Tarn Causses;4.0
48156;Saint-Germain-du-Teil;T00_30;48156;Saint-Germain-du-Teil;4.0
49002;Allonnes;T02_20;49002;Allonnes;2.0
49018;Baugé-en-Anjou;T01_10;49018;Baugé-en-Anjou;1.0
49063;Chalonnes-sur-Loire;T03_20;49063;Chalonnes-sur-Loire;
49080;Les Hauts-d'Anjou;T03_20;49080;Les Hauts-d'Anjou;
49125;Doué-en-Anjou;T01_10;49125;Doué-en-Anjou;1.0
49127;Durtal;T01_10;49127;Durtal;1.0
49180;Longué-Jumelles;T01_10;49180;Longué-Jumelles;1.0
49215;Montreuil-Bellay;T02_20;49215;Montreuil-Bellay;2.0
49228;Noyant-Villages;T00_30;49228;Noyant-Villages;4.0
49244;Mauges-sur-Loire;T01_10;49244;Mauges-sur-Loire;1.0
49248;Ombrée d'Anjou;T01_20;49248;Ombrée d'Anjou;1.0
49261;Gennes-Val-de-Loire;T02_20;49261;Gennes-Val-de-Loire;2.0
49331;Segré-en-Anjou Bleu;T01_10;49331;Segré-en-Anjou Bleu;1.0
49373;Lys-Haut-Layon;T00_30;49373;Lys-Haut-Layon;4.0
50003;Agon-Coutainville;T01_20;50003;Agon-Coutainville;1.0
50025;Avranches;T01_10;50025;Avranches;1.0
50031;Barneville-Carteret;T00_30;50031;Barneville-Carteret;4.0
50041;La Hague;T02_20;50041;La Hague;2.0
50074;Brécey;T00_30;50074;Brécey;4.0
50076;Bréhal;T01_20;50076;Bréhal;1.0
50082;Bricquebec-en-Cotentin;T02_20;50082;Bricquebec-en-Cotentin;2.0
50099;Carentan-les-Marais;T01_10;50099;Carentan-les-Marais;1.0
50139;Condé-sur-Vire;T02_20;50139;Condé-sur-Vire;2.0
50147;Coutances;T01_10;50147;Coutances;1.0
50197;Gavray-sur-Sienne;T00_30;50197;Gavray-sur-Sienne;4.0
50218;Granville;T01_10;50218;Granville;1.0
50236;La Haye;T00_30;50236;La Haye;4.0
50237;La Haye-Pesnel;T01_20;50237;La Haye-Pesnel;1.0
50267;Lessay;T01_10;50267;Lessay;1.0
50292;Marigny-Le-Lozon;T02_20;50292;Marigny-Le-Lozon;2.0
50341;Montebourg;T00_30;50341;Montebourg;4.0
50359;Mortain-Bocage;T00_30;50359;Mortain-Bocage;4.0
50393;Percy-en-Normandie;T00_30;50393;Percy-en-Normandie;4.0
50394;Périers;T00_30;50394;Périers;4.0
50400;Picauville;T00_30;50400;Picauville;4.0
50402;Les Pieux;T02_20;50402;Les Pieux;2.0
50410;Pontorson;T01_10;50410;Pontorson;1.0
50412;Port-Bail-sur-Mer;T00_30;50412;Port-Bail-sur-Mer;4.0
50417;Quettehou;T00_30;50417;Quettehou;4.0
50484;Saint-Hilaire-du-Harcouët;T01_10;50484;Saint-Hilaire-du-Harcouët;1.0
50487;Saint-James;T00_30;50487;Saint-James;4.0
50523;Sainte-Mère-Église;T00_30;50523;Sainte-Mère-Église;4.0
50539;Saint-Pierre-Église;T02_20;50539;Saint-Pierre-Église;2.0
50551;Saint-Sauveur-le-Vicomte;T00_30;50551;Saint-Sauveur-le-Vicomte;4.0
50562;Saint-Vaast-la-Hougue;T00_30;50562;Saint-Vaast-la-Hougue;4.0
50565;Sartilly-Baie-Bocage;T01_20;50565;Sartilly-Baie-Bocage;1.0
50582;Sourdeval;T01_20;50582;Sourdeval;1.0
50591;Le Teilleul;T00_30;50591;Le Teilleul;4.0
50601;Torigny-les-Villes;T02_20;50601;Torigny-les-Villes;2.0
50615;Valognes;T02_20;50615;Valognes;2.0
50639;Villedieu-les-Poêles-Rouffigny;T01_10;50639;Villedieu-les-Poêles-Rouffigny;1.0
51217;Dormans;T00_30;51217;Dormans;4.0
51248;Fère-Champenoise;T00_30;51248;Fère-Champenoise;4.0
51250;Fismes;T03_20;51250;Fismes;
51380;Montmirail;T01_10;51380;Montmirail;1.0
51388;Mourmelon-le-Grand;T01_10;51388;Mourmelon-le-Grand;1.0
51423;Pargny-sur-Saulx;T01_20;51423;Pargny-sur-Saulx;1.0
51507;Sainte-Menehould;T01_10;51507;Sainte-Menehould;1.0
51531;Sermaize-les-Bains;T00_30;51531;Sermaize-les-Bains;4.0
51535;Sézanne;T01_10;51535;Sézanne;1.0
51612;Blancs-Coteaux;T01_10;51612;Blancs-Coteaux;1.0
52008;Andelot-Blancheville;T02_20;52008;Andelot-Blancheville;2.0
52017;Arc-en-Barrois;T02_20;52017;Arc-en-Barrois;2.0
52050;Biesles;T02_20;52050;Biesles;2.0
52058;Bologne;T02_20;52058;Bologne;2.0
52060;Bourbonne-les-Bains;T00_30;52060;Bourbonne-les-Bains;4.0
52064;Bourmont-entre-Meuse-et-Mouzon;T00_30;52064;Bourmont-entre-Meuse-et-Mouzon;4.0
52074;Breuvannes-en-Bassigny;T00_30;52074;Breuvannes-en-Bassigny;4.0
52093;Chalindrey;T01_20;52093;Chalindrey;1.0
52114;Châteauvillain;T02_20;52114;Châteauvillain;2.0
52177;Doulaincourt-Saucourt;T00_30;52177;Doulaincourt-Saucourt;4.0
52197;Fayl-Billot;T00_30;52197;Fayl-Billot;4.0
52211;Froncles;T02_20;52211;Froncles;2.0
52247;Illoud;T00_30;52247;Illoud;4.0
52250;Joinville;T01_10;52250;Joinville;1.0
52269;Langres;T01_10;52269;Langres;1.0
52331;La Porte du Der;T02_20;52331;La Porte du Der;2.0
52353;Nogent;T02_20;52353;Nogent;2.0
52405;Le Montsaugeonnais;T00_30;52405;Le Montsaugeonnais;4.0
52444;Saint-Blin;T00_30;52444;Saint-Blin;4.0
52550;Wassy;T02_20;52550;Wassy;2.0
53003;Ambrières-les-Vallées;T01_20;53003;Ambrières-les-Vallées;1.0
53062;Château-Gontier-sur-Mayenne;T01_10;53062;Château-Gontier-sur-Mayenne;1.0
53077;Cossé-le-Vivien;T02_20;53077;Cossé-le-Vivien;2.0
53084;Craon;T01_10;53084;Craon;1.0
53096;Ernée;T01_10;53096;Ernée;1.0
53097;Évron;T01_10;53097;Évron;1.0
53107;Gorron;T01_10;53107;Gorron;1.0
53127;Lassay-les-Châteaux;T00_30;53127;Lassay-les-Châteaux;4.0
53147;Mayenne;T01_10;53147;Mayenne;1.0
53152;Meslay-du-Maine;T02_20;53152;Meslay-du-Maine;2.0
53161;Montsûrs;T02_20;53161;Montsûrs;2.0
53182;Port-Brillet;T02_20;53182;Port-Brillet;2.0
53185;Pré-en-Pail-Saint-Samson;T00_30;53185;Pré-en-Pail-Saint-Samson;4.0
53188;Renazé;T00_30;53188;Renazé;4.0
53271;Villaines-la-Juhel;T01_10;53271;Villaines-la-Juhel;1.0
54039;Baccarat;T01_10;54039;Baccarat;1.0
54076;Blainville-sur-l'Eau;T03_20;54076;Blainville-sur-l'Eau;
54099;Val de Briey;T01_10;54099;Val de Briey;1.0
54129;Cirey-sur-Vezouze;T00_30;54129;Cirey-sur-Vezouze;4.0
54135;Colombey-les-Belles;T03_20;54135;Colombey-les-Belles;
54263;Homécourt;T01_10;54263;Homécourt;1.0
54273;Jarny;T01_10;54273;Jarny;1.0
54280;Jœuf;T01_10;54280;Jœuf;1.0
54322;Longuyon;T00_30;54322;Longuyon;4.0
54397;Neuves-Maisons;T03_20;54397;Neuves-Maisons;
54400;Nomeny;T03_20;54400;Nomeny;
54425;Piennes;T00_30;54425;Piennes;4.0
54431;Pont-à-Mousson;T01_10;54431;Pont-à-Mousson;1.0
54432;Pont-Saint-Vincent;T03_20;54432;Pont-Saint-Vincent;
54563;Vézelise;T03_20;54563;Vézelise;
55063;Bouligny;T00_30;55063;Bouligny;4.0
55122;Commercy;T01_10;55122;Commercy;1.0
55181;Étain;T01_10;55181;Étain;1.0
55291;Ligny-en-Barrois;T02_20;55291;Ligny-en-Barrois;2.0
55351;Montmédy;T00_30;55351;Montmédy;4.0
55427;Revigny-sur-Ornain;T02_20;55427;Revigny-sur-Ornain;2.0
55463;Saint-Mihiel;T01_10;55463;Saint-Mihiel;1.0
55502;Stenay;T00_30;55502;Stenay;4.0
55533;Vaucouleurs;T00_30;55533;Vaucouleurs;4.0
56001;Allaire;T01_20;56001;Allaire;1.0
56007;Auray;T01_10;56007;Auray;1.0
56010;Baud;T01_10;56010;Baud;1.0
56053;Elven;T02_20;56053;Elven;2.0
56057;Le Faouët;T00_30;56057;Le Faouët;4.0
56061;La Gacilly;T00_30;56061;La Gacilly;4.0
56066;Gourin;T01_10;56066;Gourin;1.0
56067;Grand-Champ;T02_20;56067;Grand-Champ;2.0
56073;Guémené-sur-Scorff;T00_30;56073;Guémené-sur-Scorff;4.0
56075;Guer;T01_10;56075;Guer;1.0
56083;Hennebont;T03_20;56083;Hennebont;
56091;Josselin;T01_10;56091;Josselin;1.0
56101;Languidic;T03_20;56101;Languidic;
56117;Locminé;T01_10;56117;Locminé;1.0
56123;Malansac;T00_30;56123;Malansac;4.0
56127;Mauron;T00_30;56127;Mauron;4.0
56143;Muzillac;T02_20;56143;Muzillac;2.0
56147;Nivillac;T00_30;56147;Nivillac;4.0
56152;Le Palais;T00_30;56152;Le Palais;4.0
56165;Ploërmel;T01_10;56165;Ploërmel;1.0
56166;Plouay;T03_20;56166;Plouay;
56169;Plouhinec;T03_20;56169;Plouhinec;
56184;Questembert;T00_30;56184;Questembert;4.0
56186;Quiberon;T01_10;56186;Quiberon;1.0
56190;Réguiny;T00_30;56190;Réguiny;4.0
56195;La Roche-Bernard;T00_30;56195;La Roche-Bernard;4.0
56198;Rohan;T01_20;56198;Rohan;1.0
56222;Saint-Jean-Brévelay;T02_20;56222;Saint-Jean-Brévelay;2.0
56240;Sarzeau;T00_30;56240;Sarzeau;4.0
56244;Sérent;T00_30;56244;Sérent;4.0
57089;Bitche;T01_10;57089;Bitche;1.0
57097;Boulay-Moselle;T03_20;57097;Boulay-Moselle;
57106;Bouzonville;T01_10;57106;Bouzonville;1.0
57132;Château-Salins;T00_30;57132;Château-Salins;4.0
57160;Creutzwald;T01_10;57160;Creutzwald;1.0
57177;Dieuze;T01_10;57177;Dieuze;1.0
57207;Farébersviller;T01_10;57207;Farébersviller;1.0
57240;Freyming-Merlebach;T01_10;57240;Freyming-Merlebach;1.0
57332;Hombourg-Haut;T01_10;57332;Hombourg-Haut;1.0
57483;Morhange;T01_10;57483;Morhange;1.0
57650;Sierck-les-Bains;T45_20;57650;Sierck-les-Bains;3.0
58046;Cercy-la-Tour;T00_30;58046;Cercy-la-Tour;4.0
58059;La Charité-sur-Loire;T01_10;58059;La Charité-sur-Loire;1.0
58062;Château-Chinon (Ville);T00_30;58062;Château-Chinon (Ville);4.0
58065;Châtillon-en-Bazois;T00_30;58065;Châtillon-en-Bazois;4.0
58079;Clamecy;T01_10;58079;Clamecy;1.0
58083;Corbigny;T00_30;58083;Corbigny;4.0
58095;Decize;T01_10;58095;Decize;1.0
58131;Guérigny;T02_20;58131;Guérigny;2.0
58134;Imphy;T02_20;58134;Imphy;2.0
58145;Lormes;T00_30;58145;Lormes;4.0
58149;Luzy;T00_30;58149;Luzy;4.0
58151;La Machine;T01_20;58151;La Machine;1.0
58182;Moulins-Engilbert;T00_30;58182;Moulins-Engilbert;4.0
58218;Prémery;T02_20;58218;Prémery;2.0
58227;Saint-Amand-en-Puisaye;T00_30;58227;Saint-Amand-en-Puisaye;4.0
58232;Saint-Benin-d'Azy;T02_20;58232;Saint-Benin-d'Azy;2.0
58250;Saint-Léger-des-Vignes;T01_10;58250;Saint-Léger-des-Vignes;1.0
58267;Saint-Saulge;T00_30;58267;Saint-Saulge;4.0
58304;Varzy;T01_20;58304;Varzy;1.0
59008;Aniche;T02_20;59008;Aniche;2.0
59015;Arleux;T02_20;59015;Arleux;2.0
59035;Avesnelles;T01_10;59035;Avesnelles;1.0
59036;Avesnes-sur-Helpe;T01_10;59036;Avesnes-sur-Helpe;1.0
59037;Avesnes-les-Aubert;T02_20;59037;Avesnes-les-Aubert;2.0
59053;Bavay;T02_20;59053;Bavay;2.0
59136;Le Cateau-Cambrésis;T01_10;59136;Le Cateau-Cambrésis;1.0
59139;Caudry;T01_10;59139;Caudry;1.0
59153;Condé-sur-l'Escaut;T03_20;59153;Condé-sur-l'Escaut;
59249;Fourmies;T01_10;59249;Fourmies;1.0
59331;Landrecies;T00_30;59331;Landrecies;4.0
59481;Le Quesnoy;T03_20;59481;Le Quesnoy;
59525;Sains-du-Nord;T00_30;59525;Sains-du-Nord;4.0
59571;Solesmes;T01_10;59571;Solesmes;1.0
59574;Somain;T01_10;59574;Somain;1.0
60029;Auneuil;T02_20;60029;Auneuil;2.0
60103;Bresles;T02_20;60103;Bresles;2.0
60104;Breteuil;T01_10;60104;Breteuil;1.0
60157;Clermont;T45_20;60157;Clermont;3.0
60178;Crèvecœur-le-Grand;T02_20;60178;Crèvecœur-le-Grand;2.0
60245;Formerie;T00_30;60245;Formerie;4.0
60286;Grandvilliers;T02_20;60286;Grandvilliers;2.0
60333;Lachapelle-aux-Pots;T02_20;60333;Lachapelle-aux-Pots;2.0
60395;Méru;T45_20;60395;Méru;3.0
60439;Mouy;T45_20;60439;Mouy;3.0
60471;Noyon;T01_10;60471;Noyon;1.0
60509;Pont-Sainte-Maxence;T45_20;60509;Pont-Sainte-Maxence;3.0
60577;Saint-Germer-de-Fly;T02_20;60577;Saint-Germer-de-Fly;2.0
61007;Athis-Val de Rouvre;T02_20;61007;Athis-Val de Rouvre;2.0
61038;Bellême;T00_30;61038;Bellême;4.0
61063;Briouze;T00_30;61063;Briouze;4.0
61074;Carrouges;T00_30;61074;Carrouges;4.0
61145;Domfront en Poiraie;T01_10;61145;Domfront en Poiraie;1.0
61153;Écouché-les-Vallées;T01_20;61153;Écouché-les-Vallées;1.0
61168;La Ferté Macé;T01_10;61168;La Ferté Macé;1.0
61181;Gacé;T00_30;61181;Gacé;4.0
61214;L'Aigle;T01_10;61214;L'Aigle;1.0
61230;Longny les Villages;T00_30;61230;Longny les Villages;4.0
61258;Le Mêle-sur-Sarthe;T02_20;61258;Le Mêle-sur-Sarthe;2.0
61293;Mortagne-au-Perche;T01_10;61293;Mortagne-au-Perche;1.0
61339;Putanges-le-Lac;T00_30;61339;Putanges-le-Lac;4.0
61345;Rémalard en Perche;T00_30;61345;Rémalard en Perche;4.0
61464;Sées;T01_10;61464;Sées;1.0
61483;Bagnoles de l'Orne Normandie;T01_10;61483;Bagnoles de l'Orne Normandie;1.0
61484;Val-au-Perche;T01_20;61484;Val-au-Perche;1.0
61486;Tinchebray-Bocage;T02_20;61486;Tinchebray-Bocage;2.0
61494;Trun;T01_20;61494;Trun;1.0
61508;Vimoutiers;T00_30;61508;Vimoutiers;4.0
62014;Aire-sur-la-Lys;T01_10;62014;Aire-sur-la-Lys;1.0
62048;Auchel;T02_10;62048;Auchel;2.0
62060;Auxi-le-Château;T00_30;62060;Auxi-le-Château;4.0
62063;Avesnes-le-Comte;T02_20;62063;Avesnes-le-Comte;2.0
62080;Bapaume;T01_10;62080;Bapaume;1.0
62186;Bully-les-Mines;T03_20;62186;Bully-les-Mines;
62194;Calonne-Ricouart;T02_10;62194;Calonne-Ricouart;2.0
62215;Carvin;T45_20;62215;Carvin;3.0
62268;Desvres;T02_20;62268;Desvres;2.0
62361;Frévent;T00_30;62361;Frévent;4.0
62364;Fruges;T01_10;62364;Fruges;1.0
62397;Guînes;T02_20;62397;Guînes;2.0
62447;Hesdin;T01_10;62447;Hesdin;1.0
62516;Lillers;T02_10;62516;Lillers;2.0
62534;Lumbres;T02_20;62534;Lumbres;2.0
62560;Marquise;T02_20;62560;Marquise;2.0
62563;Mazingarbe;T03_20;62563;Mazingarbe;
62588;Montreuil-sur-Mer;T01_10;62588;Montreuil-sur-Mer;1.0
62667;Le Portel;T02_10;62667;Le Portel;2.0
62758;Saint-Martin-Boulogne;T02_10;62758;Saint-Martin-Boulogne;2.0
62894;Wimille;T02_20;62894;Wimille;2.0
62907;Libercourt;T45_20;62907;Libercourt;3.0
63001;Aigueperse;T03_20;63001;Aigueperse;
63003;Ambert;T01_10;63003;Ambert;1.0
63004;Les Ancizes-Comps;T00_30;63004;Les Ancizes-Comps;4.0
63009;Ardes;T01_20;63009;Ardes;1.0
63010;Arlanc;T01_20;63010;Arlanc;1.0
63038;Besse-et-Saint-Anastaise;T00_30;63038;Besse-et-Saint-Anastaise;4.0
63040;Billom;T03_20;63040;Billom;
63047;La Bourboule;T00_30;63047;La Bourboule;4.0
63048;Bourg-Lastic;T00_30;63048;Bourg-Lastic;4.0
63050;Brassac-les-Mines;T01_20;63050;Brassac-les-Mines;1.0
63080;Champeix;T03_20;63080;Champeix;
63103;Châtel-Guyon;T03_20;63103;Châtel-Guyon;
63116;Combronde;T03_20;63116;Combronde;
63125;Courpière;T01_20;63125;Courpière;1.0
63132;Cunlhat;T00_30;63132;Cunlhat;4.0
63165;Giat;T00_30;63165;Giat;4.0
63195;Lezoux;T03_20;63195;Lezoux;
63210;Maringues;T03_20;63210;Maringues;
63236;Mont-Dore;T00_30;63236;Mont-Dore;4.0
63245;Mozac;T03_20;63245;Mozac;
63281;Pionsat;T00_30;63281;Pionsat;4.0
63283;Pontaumur;T00_30;63283;Pontaumur;4.0
63285;Pontgibaud;T03_20;63285;Pontgibaud;
63291;Puy-Guillaume;T01_20;63291;Puy-Guillaume;1.0
63295;Randan;T00_30;63295;Randan;4.0
63305;Rochefort-Montagne;T00_30;63305;Rochefort-Montagne;4.0
63338;Saint-Éloy-les-Mines;T01_10;63338;Saint-Éloy-les-Mines;1.0
63352;Saint-Germain-Lembron;T01_20;63352;Saint-Germain-Lembron;1.0
63354;Saint-Gervais-d'Auvergne;T00_30;63354;Saint-Gervais-d'Auvergne;4.0
63415;Sauxillanges;T01_20;63415;Sauxillanges;1.0
63457;Vic-le-Comte;T03_20;63457;Vic-le-Comte;
63470;Volvic;T03_20;63470;Volvic;
64062;Arudy;T03_20;64062;Arudy;
64063;Arzacq-Arraziguet;T03_20;64063;Arzacq-Arraziguet;
64233;Garlin;T00_30;64233;Garlin;4.0
64256;Hasparren;T03_20;64256;Hasparren;
64260;Hendaye;T01_10;64260;Hendaye;1.0
64320;Laruns;T00_30;64320;Laruns;4.0
64331;Lembeye;T03_20;64331;Lembeye;
64371;Mauléon-Licharre;T01_10;64371;Mauléon-Licharre;1.0
64405;Morlaàs;T03_20;64405;Morlaàs;
64410;Mourenx;T01_10;64410;Mourenx;1.0
64416;Navarrenx;T00_30;64416;Navarrenx;4.0
64417;Nay;T03_20;64417;Nay;
64422;Oloron-Sainte-Marie;T01_10;64422;Oloron-Sainte-Marie;1.0
64430;Orthez;T01_10;64430;Orthez;1.0
64453;Pontacq;T03_20;64453;Pontacq;
64485;Saint-Jean-Pied-de-Port;T01_10;64485;Saint-Jean-Pied-de-Port;1.0
64493;Saint-Palais;T01_10;64493;Saint-Palais;1.0
64499;Salies-de-Béarn;T01_10;64499;Salies-de-Béarn;1.0
64513;Sauveterre-de-Béarn;T00_30;64513;Sauveterre-de-Béarn;4.0
64519;Serres-Castet;T03_20;64519;Serres-Castet;
65025;Argelès-Gazost;T01_10;65025;Argelès-Gazost;1.0
65031;Arreau;T00_30;65031;Arreau;4.0
65059;Bagnères-de-Bigorre;T01_10;65059;Bagnères-de-Bigorre;1.0
65129;Castelnau-Magnoac;T00_30;65129;Castelnau-Magnoac;4.0
65138;Cauterets;T00_30;65138;Cauterets;4.0
65258;Lannemezan;T01_10;65258;Lannemezan;1.0
65287;Loures-Barousse;T00_30;65287;Loures-Barousse;4.0
65304;Maubourguet;T01_10;65304;Maubourguet;1.0
65375;Rabastens-de-Bigorre;T02_20;65375;Rabastens-de-Bigorre;2.0
65388;Saint-Lary-Soulan;T00_30;65388;Saint-Lary-Soulan;4.0
65389;Saint-Laurent-de-Neste;T01_20;65389;Saint-Laurent-de-Neste;1.0
65447;Tournay;T02_20;65447;Tournay;2.0
65452;Trie-sur-Baïse;T00_30;65452;Trie-sur-Baïse;4.0
65460;Vic-en-Bigorre;T02_20;65460;Vic-en-Bigorre;2.0
66003;Amélie-les-Bains-Palalda;T01_10;66003;Amélie-les-Bains-Palalda;1.0
66004;Les Angles;T00_30;66004;Les Angles;4.0
66009;Arles-sur-Tech;T01_10;66009;Arles-sur-Tech;1.0
66016;Banyuls-sur-Mer;T01_10;66016;Banyuls-sur-Mer;1.0
66024;Le Boulou;T03_20;66024;Le Boulou;
66025;Bourg-Madame;T00_30;66025;Bourg-Madame;4.0
66049;Céret;T01_10;66049;Céret;1.0
66065;Elne;T03_20;66065;Elne;
66071;Estagel;T03_20;66071;Estagel;
66088;Ille-sur-Têt;T03_20;66088;Ille-sur-Têt;
66108;Millas;T03_20;66108;Millas;
66124;Font-Romeu-Odeillo-Via;T00_30;66124;Font-Romeu-Odeillo-Via;4.0
66125;Olette;T01_20;66125;Olette;1.0
66130;Osséja;T00_30;66130;Osséja;4.0
66148;Port-Vendres;T00_30;66148;Port-Vendres;4.0
66149;Prades;T01_10;66149;Prades;1.0
66164;Rivesaltes;T03_20;66164;Rivesaltes;
66167;Saillagouse;T00_30;66167;Saillagouse;4.0
66180;Saint-Laurent-de-la-Salanque;T03_20;66180;Saint-Laurent-de-la-Salanque;
66187;Saint-Paul-de-Fenouillet;T03_20;66187;Saint-Paul-de-Fenouillet;
66210;Thuir;T03_20;66210;Thuir;
66222;Vernet-les-Bains;T01_20;66222;Vernet-les-Bains;1.0
66230;Vinça;T03_20;66230;Vinça;
67020;Barembach;T00_30;67020;Barembach;4.0
67021;Barr;T45_20;67021;Barr;3.0
67061;Bouxwiller;T01_10;67061;Bouxwiller;1.0
67066;La Broque;T00_30;67066;La Broque;4.0
67095;Diemeringen;T00_30;67095;Diemeringen;4.0
67101;Dorlisheim;T45_20;67101;Dorlisheim;3.0
67105;Drulingen;T00_30;67105;Drulingen;4.0
67176;Gundershoffen;T02_20;67176;Gundershoffen;2.0
67222;Ingwiller;T45_20;67222;Ingwiller;3.0
67281;Marckolsheim;T01_10;67281;Marckolsheim;1.0
67282;Marlenheim;T45_20;67282;Marlenheim;3.0
67291;Mertzwiller;T02_20;67291;Mertzwiller;2.0
67300;Molsheim;T45_20;67300;Molsheim;3.0
67313;Mutzig;T45_20;67313;Mutzig;3.0
67324;Niederbronn-les-Bains;T01_10;67324;Niederbronn-les-Bains;1.0
67388;Reichshoffen;T01_10;67388;Reichshoffen;1.0
67414;Rothau;T00_30;67414;Rothau;4.0
67434;Sarre-Union;T01_10;67434;Sarre-Union;1.0
67448;Schirmeck;T45_20;67448;Schirmeck;3.0
67507;Villé;T02_20;67507;Villé;2.0
67520;Wasselonne;T45_20;67520;Wasselonne;3.0
67544;Wissembourg;T01_10;67544;Wissembourg;1.0
68004;Altkirch;T03_20;68004;Altkirch;
68068;Dannemarie;T03_20;68068;Dannemarie;
68162;Kaysersberg Vignoble;T02_20;68162;Kaysersberg Vignoble;2.0
68201;Masevaux-Niederbruck;T03_20;68201;Masevaux-Niederbruck;
68226;Munster;T02_20;68226;Munster;2.0
68231;Neuf-Brisach;T02_20;68231;Neuf-Brisach;2.0
68249;Orbey;T02_20;68249;Orbey;2.0
68287;Rouffach;T01_10;68287;Rouffach;1.0
68298;Sainte-Marie-aux-Mines;T01_10;68298;Sainte-Marie-aux-Mines;1.0
68334;Thann;T03_20;68334;Thann;
69006;Amplepuis;T01_10;69006;Amplepuis;1.0
69010;L'Arbresle;T45_20;69010;L'Arbresle;3.0
69018;Beaujeu;T00_30;69018;Beaujeu;4.0
69019;Belleville-en-Beaujolais;T01_10;69019;Belleville-en-Beaujolais;1.0
69066;Cours;T01_10;69066;Cours;1.0
69141;Mornant;T45_20;69141;Mornant;3.0
69171;Sain-Bel;T45_20;69171;Sain-Bel;3.0
69176;Soucieu-en-Jarrest;T45_20;69176;Soucieu-en-Jarrest;3.0
69201;Sainte-Foy-l'Argentière;T45_20;69201;Sainte-Foy-l'Argentière;3.0
69238;Saint-Symphorien-sur-Coise;T45_20;69238;Saint-Symphorien-sur-Coise;3.0
69248;Thizy-les-Bourgs;T01_10;69248;Thizy-les-Bourgs;1.0
69287;Saint-Bonnet-de-Mure;T45_20;69287;Saint-Bonnet-de-Mure;3.0
69288;Saint-Laurent-de-Mure;T45_20;69288;Saint-Laurent-de-Mure;3.0
69289;Saint-Pierre-de-Chandieu;T45_20;69289;Saint-Pierre-de-Chandieu;3.0
70026;Arc-lès-Gray;T01_10;70026;Arc-lès-Gray;1.0
70120;Champagney;T02_20;70120;Champagney;2.0
70122;Champlitte;T01_20;70122;Champlitte;1.0
70198;Dampierre-sur-Salon;T01_20;70198;Dampierre-sur-Salon;1.0
70228;Faverney;T02_20;70228;Faverney;2.0
70279;Gray;T01_10;70279;Gray;1.0
70285;Héricourt;T02_20;70285;Héricourt;2.0
70292;Jussey;T00_30;70292;Jussey;4.0
70310;Lure;T01_10;70310;Lure;1.0
70311;Luxeuil-les-Bains;T01_10;70311;Luxeuil-les-Bains;1.0
70421;Port-sur-Saône;T02_20;70421;Port-sur-Saône;2.0
70451;Ronchamp;T02_20;70451;Ronchamp;2.0
70467;Saint-Loup-sur-Semouse;T01_10;70467;Saint-Loup-sur-Semouse;1.0
70482;Scey-sur-Saône-et-Saint-Albin;T02_20;70482;Scey-sur-Saône-et-Saint-Albin;2.0
71047;Bourbon-Lancy;T01_10;71047;Bourbon-Lancy;1.0
71073;Chagny;T02_20;71073;Chagny;2.0
71106;Charolles;T01_10;71106;Charolles;1.0
71120;Chauffailles;T01_10;71120;Chauffailles;1.0
71133;La Clayette;T00_30;71133;La Clayette;4.0
71137;Cluny;T02_20;71137;Cluny;2.0
71157;Cuiseaux;T00_30;71157;Cuiseaux;4.0
71158;Cuisery;T00_30;71158;Cuisery;4.0
71176;Digoin;T01_10;71176;Digoin;1.0
71178;Dompierre-les-Ormes;T02_20;71178;Dompierre-les-Ormes;2.0
71190;Épinac;T01_20;71190;Épinac;1.0
71192;Étang-sur-Arroux;T01_20;71192;Étang-sur-Arroux;1.0
71230;Gueugnon;T01_10;71230;Gueugnon;1.0
71263;Louhans;T01_10;71263;Louhans;1.0
71289;Matour;T00_30;71289;Matour;4.0
71310;Montchanin;T01_20;71310;Montchanin;1.0
71342;Paray-le-Monial;T01_10;71342;Paray-le-Monial;1.0
71350;Pierreclos;T02_20;71350;Pierreclos;2.0
71351;Pierre-de-Bresse;T00_30;71351;Pierre-de-Bresse;4.0
71394;Saint-Bonnet-de-Joux;T00_30;71394;Saint-Bonnet-de-Joux;4.0
71512;Sennecey-le-Grand;T02_20;71512;Sennecey-le-Grand;2.0
71543;Tournus;T01_10;71543;Tournus;1.0
71545;Tramayes;T02_20;71545;Tramayes;2.0
71566;Verdun-sur-le-Doubs;T02_20;71566;Verdun-sur-le-Doubs;2.0
72023;Ballon-Saint Mars;T03_20;72023;Ballon-Saint Mars;
72029;Beaumont-sur-Sarthe;T03_20;72029;Beaumont-sur-Sarthe;
72035;Bessé-sur-Braye;T00_30;72035;Bessé-sur-Braye;4.0
72039;Bonnétable;T00_30;72039;Bonnétable;4.0
72042;Bouloire;T03_20;72042;Bouloire;
72050;Brûlon;T00_30;72050;Brûlon;4.0
72068;La Chartre-sur-le-Loir;T00_30;72068;La Chartre-sur-le-Loir;4.0
72071;Montval-sur-Loir;T01_10;72071;Montval-sur-Loir;1.0
72090;Connerré;T03_20;72090;Connerré;
72124;Écommoy;T03_20;72124;Écommoy;
72132;La Ferté-Bernard;T01_10;72132;La Ferté-Bernard;1.0
72138;Fresnay-sur-Sarthe;T02_20;72138;Fresnay-sur-Sarthe;2.0
72143;Le Grand-Lucé;T03_20;72143;Le Grand-Lucé;
72168;Loué;T00_30;72168;Loué;4.0
72176;Le Lude;T01_10;72176;Le Lude;1.0
72179;Malicorne-sur-Sarthe;T01_20;72179;Malicorne-sur-Sarthe;1.0
72180;Mamers;T01_10;72180;Mamers;1.0
72189;Marolles-les-Braults;T00_30;72189;Marolles-les-Braults;4.0
72191;Mayet;T03_20;72191;Mayet;
72205;Montbizot;T03_20;72205;Montbizot;
72223;Noyen-sur-Sarthe;T01_20;72223;Noyen-sur-Sarthe;1.0
72231;Parigné-l'Évêque;T03_20;72231;Parigné-l'Évêque;
72241;Montfort-le-Gesnois;T03_20;72241;Montfort-le-Gesnois;
72269;Saint-Calais;T01_10;72269;Saint-Calais;1.0
72276;Saint-Cosme-en-Vairais;T00_30;72276;Saint-Cosme-en-Vairais;4.0
72289;Sainte-Jamme-sur-Sarthe;T03_20;72289;Sainte-Jamme-sur-Sarthe;
72329;Savigné-l'Évêque;T03_20;72329;Savigné-l'Évêque;
72334;Sillé-le-Guillaume;T01_10;72334;Sillé-le-Guillaume;1.0
72363;Tuffé Val de la Chéronne;T01_20;72363;Tuffé Val de la Chéronne;1.0
72373;Vibraye;T01_20;72373;Vibraye;1.0
73010;Entrelacs;T03_20;73010;Entrelacs;
73011;Albertville;T02_10;73011;Albertville;2.0
73054;Bourg-Saint-Maurice;T01_10;73054;Bourg-Saint-Maurice;1.0
73105;Les Échelles;T03_20;73105;Les Échelles;
73117;Fourneaux;T01_10;73117;Fourneaux;1.0
73157;Modane;T01_10;73157;Modane;1.0
73171;Montmélian;T03_20;73171;Montmélian;
73181;Moûtiers;T01_10;73181;Moûtiers;1.0
73204;Le Pont-de-Beauvoisin;T01_10;73204;Le Pont-de-Beauvoisin;1.0
73215;Valgelon-La Rochette;T01_10;73215;Valgelon-La Rochette;1.0
73236;Saint-Genix-les-Villages;T03_20;73236;Saint-Genix-les-Villages;
73248;Saint-Jean-de-Maurienne;T01_10;73248;Saint-Jean-de-Maurienne;1.0
73270;Saint-Pierre-d'Albigny;T03_20;73270;Saint-Pierre-d'Albigny;
73303;Ugine;T02_20;73303;Ugine;2.0
74002;Alby-sur-Chéran;T03_20;74002;Alby-sur-Chéran;
74026;La Balme-de-Sillingy;T03_20;74026;La Balme-de-Sillingy;
74042;Bonneville;T45_20;74042;Bonneville;3.0
74043;Bons-en-Chablais;T45_20;74043;Bons-en-Chablais;3.0
74056;Chamonix-Mont-Blanc;T01_10;74056;Chamonix-Mont-Blanc;1.0
74081;Cluses;T02_10;74081;Cluses;2.0
74096;Cruseilles;T45_20;74096;Cruseilles;3.0
74119;Évian-les-Bains;T03_20;74119;Évian-les-Bains;
74123;Faverges-Seythenex;T03_20;74123;Faverges-Seythenex;
74137;Groisy;T03_20;74137;Groisy;
74164;Marignier;T02_20;74164;Marignier;2.0
74169;Marnaz;T02_20;74169;Marnaz;2.0
74224;La Roche-sur-Foron;T45_20;74224;La Roche-sur-Foron;3.0
74241;Saint-Jeoire;T45_20;74241;Saint-Jeoire;3.0
74256;Sallanches;T01_10;74256;Sallanches;1.0
74264;Scionzier;T02_10;74264;Scionzier;2.0
74276;Taninges;T02_20;74276;Taninges;2.0
74280;Thônes;T03_20;74280;Thônes;
74282;Fillière;T03_20;74282;Fillière;
74311;Viuz-en-Sallaz;T45_20;74311;Viuz-en-Sallaz;3.0
76034;Val-de-Scie;T03_20;76034;Val-de-Scie;
76035;Aumale;T00_30;76035;Aumale;4.0
76051;Bacqueville-en-Caux;T02_20;76051;Bacqueville-en-Caux;2.0
76057;Barentin;T03_20;76057;Barentin;
76114;Bolbec;T03_20;76114;Bolbec;
76159;Cany-Barville;T01_10;76159;Cany-Barville;1.0
76164;Rives-en-Seine;T00_30;76164;Rives-en-Seine;4.0
76196;Criquetot-l'Esneval;T03_20;76196;Criquetot-l'Esneval;
76219;Doudeville;T00_30;76219;Doudeville;4.0
76222;Duclair;T03_20;76222;Duclair;
76254;Étretat;T03_20;76254;Étretat;
76255;Eu;T01_10;76255;Eu;1.0
76258;Terres-de-Caux;T00_30;76258;Terres-de-Caux;4.0
76276;Forges-les-Eaux;T01_10;76276;Forges-les-Eaux;1.0
76302;Goderville;T03_20;76302;Goderville;
76312;Gournay-en-Bray;T01_10;76312;Gournay-en-Bray;1.0
76329;Gruchet-le-Valasse;T03_20;76329;Gruchet-le-Valasse;
76392;Londinières;T00_30;76392;Londinières;4.0
76400;Luneray;T01_10;76400;Luneray;1.0
76462;Neufchâtel-en-Bray;T01_10;76462;Neufchâtel-en-Bray;1.0
76495;Pavilly;T03_20;76495;Pavilly;
76647;Saint-Romain-de-Colbosc;T03_20;76647;Saint-Romain-de-Colbosc;
76648;Saint-Saëns;T03_20;76648;Saint-Saëns;
76655;Saint-Valery-en-Caux;T01_10;76655;Saint-Valery-en-Caux;1.0
76700;Tôtes;T03_20;76700;Tôtes;
76709;Le Trait;T03_20;76709;Le Trait;
76711;Le Tréport;T01_10;76711;Le Tréport;1.0
76752;Yerville;T03_20;76752;Yerville;
76758;Yvetot;T01_10;76758;Yvetot;1.0
77051;Bray-sur-Seine;T45_20;77051;Bray-sur-Seine;3.0
77053;Brie-Comte-Robert;T45_20;77053;Brie-Comte-Robert;3.0
77079;Champagne-sur-Seine;T45_20;77079;Champagne-sur-Seine;3.0
77100;Le Châtelet-en-Brie;T45_20;77100;Le Châtelet-en-Brie;3.0
77142;Crécy-la-Chapelle;T45_20;77142;Crécy-la-Chapelle;3.0
77159;Donnemarie-Dontilly;T45_20;77159;Donnemarie-Dontilly;3.0
77182;La Ferté-Gaucher;T45_20;77182;La Ferté-Gaucher;3.0
77183;La Ferté-sous-Jouarre;T45_20;77183;La Ferté-sous-Jouarre;3.0
77296;Moissy-Cramayel;T45_20;77296;Moissy-Cramayel;3.0
77316;Moret-Loing-et-Orvanne;T45_20;77316;Moret-Loing-et-Orvanne;3.0
77327;Nangis;T45_20;77327;Nangis;3.0
77379;Provins;T45_20;77379;Provins;3.0
77385;Rebais;T45_20;77385;Rebais;3.0
77458;Souppes-sur-Loing;T45_20;77458;Souppes-sur-Loing;3.0
77475;Trilport;T45_20;77475;Trilport;3.0
78003;Ablis;T45_20;78003;Ablis;3.0
78062;Beynes;T45_20;78062;Beynes;3.0
78089;Bonnières-sur-Seine;T45_20;78089;Bonnières-sur-Seine;3.0
78217;Épône;T45_20;78217;Épône;3.0
78255;Freneuse;T45_20;78255;Freneuse;3.0
78310;Houdan;T45_20;78310;Houdan;3.0
78321;Jouars-Pontchartrain;T45_20;78321;Jouars-Pontchartrain;3.0
78380;Maule;T45_20;78380;Maule;3.0
78402;Mézières-sur-Seine;T45_20;78402;Mézières-sur-Seine;3.0
78531;Rosny-sur-Seine;T45_20;78531;Rosny-sur-Seine;3.0
78537;Saint-Arnoult-en-Yvelines;T45_20;78537;Saint-Arnoult-en-Yvelines;3.0
79005;Airvault;T00_30;79005;Airvault;4.0
79013;Argentonnay;T01_20;79013;Argentonnay;1.0
79057;Brioux-sur-Boutonne;T00_30;79057;Brioux-sur-Boutonne;4.0
79062;Cerizay;T01_10;79062;Cerizay;1.0
79079;Mauléon;T02_20;79079;Mauléon;2.0
79083;Chef-Boutonne;T00_30;79083;Chef-Boutonne;4.0
79101;Coulonges-sur-l'Autize;T02_20;79101;Coulonges-sur-l'Autize;2.0
79148;Lezay;T00_30;79148;Lezay;4.0
79170;Mauzé-sur-le-Mignon;T02_20;79170;Mauzé-sur-le-Mignon;2.0
79174;Melle;T01_10;79174;Melle;1.0
79179;Moncoutant-sur-Sèvre;T00_30;79179;Moncoutant-sur-Sèvre;4.0
79195;Nueil-les-Aubiers;T01_10;79195;Nueil-les-Aubiers;1.0
79202;Parthenay;T01_10;79202;Parthenay;1.0
79270;Saint-Maixent-l'École;T01_10;79270;Saint-Maixent-l'École;1.0
79299;Saint-Varent;T01_20;79299;Saint-Varent;1.0
79307;Sauzé-Vaussais;T00_30;79307;Sauzé-Vaussais;4.0
79311;Secondigny;T00_30;79311;Secondigny;4.0
79329;Thouars;T01_10;79329;Thouars;1.0
80010;Ailly-sur-Noye;T03_20;80010;Ailly-sur-Noye;
80013;Airaines;T03_20;80013;Airaines;
80182;Cayeux-sur-Mer;T00_30;80182;Cayeux-sur-Mer;4.0
80186;Chaulnes;T01_10;80186;Chaulnes;1.0
80211;Conty;T03_20;80211;Conty;
80212;Corbie;T03_20;80212;Corbie;
80222;Crécy-en-Ponthieu;T02_20;80222;Crécy-en-Ponthieu;2.0
80253;Doullens;T03_20;80253;Doullens;
80318;Flixecourt;T03_20;80318;Flixecourt;
80368;Friville-Escarbotin;T01_10;80368;Friville-Escarbotin;1.0
80410;Ham;T01_10;80410;Ham;1.0
80570;Moreuil;T03_20;80570;Moreuil;
80585;Nesle;T00_30;80585;Nesle;4.0
80606;Oisemont;T00_30;80606;Oisemont;4.0
80620;Péronne;T01_10;80620;Péronne;1.0
80630;Poix-de-Picardie;T03_20;80630;Poix-de-Picardie;
80680;Rosières-en-Santerre;T00_30;80680;Rosières-en-Santerre;4.0
80685;Roye;T01_10;80685;Roye;1.0
80688;Rue;T00_30;80688;Rue;4.0
80721;Saint-Valery-sur-Somme;T00_30;80721;Saint-Valery-sur-Somme;4.0
81003;Alban;T00_30;81003;Alban;4.0
81033;Blaye-les-Mines;T02_20;81033;Blaye-les-Mines;2.0
81037;Brassac;T00_30;81037;Brassac;4.0
81060;Carmaux;T02_20;81060;Carmaux;2.0
81069;Cordes-sur-Ciel;T00_30;81069;Cordes-sur-Ciel;4.0
81099;Gaillac;T01_10;81099;Gaillac;1.0
81105;Graulhet;T01_10;81105;Graulhet;1.0
81124;Lacaune;T01_10;81124;Lacaune;1.0
81140;Lavaur;T45_20;81140;Lavaur;3.0
81145;Lisle-sur-Tarn;T45_20;81145;Lisle-sur-Tarn;3.0
81192;Murat-sur-Vèbre;T01_20;81192;Murat-sur-Vèbre;1.0
81219;Puylaurens;T00_30;81219;Puylaurens;4.0
81220;Rabastens;T45_20;81220;Rabastens;3.0
81222;Réalmont;T02_20;81222;Réalmont;2.0
81271;Saint-Sulpice-la-Pointe;T45_20;81271;Saint-Sulpice-la-Pointe;3.0
82013;Beaumont-de-Lomagne;T01_10;82013;Beaumont-de-Lomagne;1.0
82022;Bourg-de-Visa;T00_30;82022;Bourg-de-Visa;4.0
82037;Caussade;T02_20;82037;Caussade;2.0
82038;Caylus;T00_30;82038;Caylus;4.0
82042;Cazes-Mondenard;T00_30;82042;Cazes-Mondenard;4.0
82087;Lafrançaise;T02_20;82087;Lafrançaise;2.0
82094;Lauzerte;T00_30;82094;Lauzerte;4.0
82097;Lavit;T00_30;82097;Lavit;4.0
82112;Moissac;T01_10;82112;Moissac;1.0
82115;Monclar-de-Quercy;T02_20;82115;Monclar-de-Quercy;2.0
82117;Montaigu-de-Quercy;T00_30;82117;Montaigu-de-Quercy;4.0
82134;Nègrepelisse;T02_20;82134;Nègrepelisse;2.0
82151;Roquecor;T00_30;82151;Roquecor;4.0
82155;Saint-Antonin-Noble-Val;T00_30;82155;Saint-Antonin-Noble-Val;4.0
82186;Valence;T01_10;82186;Valence;1.0
83004;Les Arcs;T02_20;83004;Les Arcs;2.0
83007;Aups;T00_30;83007;Aups;4.0
83012;Barjols;T00_30;83012;Barjols;4.0
83016;Le Beausset;T03_20;83016;Le Beausset;
83031;Le Cannet-des-Maures;T01_10;83031;Le Cannet-des-Maures;1.0
83042;Cogolin;T01_10;83042;Cogolin;1.0
83071;La Londe-les-Maures;T01_10;83071;La Londe-les-Maures;1.0
83072;Lorgues;T02_20;83072;Lorgues;2.0
83073;Le Luc;T01_10;83073;Le Luc;1.0
83086;Le Muy;T02_20;83086;Le Muy;2.0
83107;Roquebrune-sur-Argens;T02_20;83107;Roquebrune-sur-Argens;2.0
83116;Saint-Maximin-la-Sainte-Baume;T45_20;83116;Saint-Maximin-la-Sainte-Baume;3.0
83121;Salernes;T00_30;83121;Salernes;4.0
84003;Apt;T01_10;84003;Apt;1.0
84004;Aubignan;T02_20;84004;Aubignan;2.0
84019;Bollène;T01_10;84019;Bollène;1.0
84026;Cadenet;T45_20;84026;Cadenet;3.0
84054;L'Isle-sur-la-Sorgue;T01_10;84054;L'Isle-sur-la-Sorgue;1.0
84069;Malaucène;T01_20;84069;Malaucène;1.0
84072;Mazan;T02_20;84072;Mazan;2.0
84076;Mirabeau;T45_20;84076;Mirabeau;3.0
84080;Monteux;T03_20;84080;Monteux;
84088;Pernes-les-Fontaines;T03_20;84088;Pernes-les-Fontaines;
84123;Sault;T00_30;84123;Sault;4.0
84129;Sorgues;T03_20;84129;Sorgues;
84133;La Tour-d'Aigues;T45_20;84133;La Tour-d'Aigues;3.0
84137;Vaison-la-Romaine;T01_10;84137;Vaison-la-Romaine;1.0
84138;Valréas;T01_10;84138;Valréas;1.0
85003;Aizenay;T02_20;85003;Aizenay;2.0
85018;Beauvoir-sur-Mer;T00_30;85018;Beauvoir-sur-Mer;4.0
85020;Benet;T02_20;85020;Benet;2.0
85047;Challans;T01_10;85047;Challans;1.0
85051;Chantonnay;T01_10;85051;Chantonnay;1.0
85059;La Châtaigneraie;T01_10;85059;La Châtaigneraie;1.0
85065;Chavagnes-en-Paillers;T01_20;85065;Chavagnes-en-Paillers;1.0
85070;Coëx;T01_20;85070;Coëx;1.0
85109;Les Herbiers;T02_10;85109;Les Herbiers;2.0
85113;L'Île-d'Yeu;T01_10;85113;L'Île-d'Yeu;1.0
85128;Luçon;T01_10;85128;Luçon;1.0
85135;Mareuil-sur-Lay-Dissais;T02_20;85135;Mareuil-sur-Lay-Dissais;2.0
85151;Mortagne-sur-Sèvre;T02_20;85151;Mortagne-sur-Sèvre;2.0
85152;Les Achards;T02_20;85152;Les Achards;2.0
85154;Mouilleron-Saint-Germain;T00_30;85154;Mouilleron-Saint-Germain;4.0
85156;Moutiers-les-Mauxfaits;T02_20;85156;Moutiers-les-Mauxfaits;2.0
85182;Pouzauges;T01_10;85182;Pouzauges;1.0
85215;Saint-Fulgent;T01_10;85215;Saint-Fulgent;1.0
85222;Saint-Gilles-Croix-de-Vie;T01_10;85222;Saint-Gilles-Croix-de-Vie;1.0
85226;Saint-Hilaire-de-Riez;T01_10;85226;Saint-Hilaire-de-Riez;1.0
85288;Talmont-Saint-Hilaire;T02_20;85288;Talmont-Saint-Hilaire;2.0
86070;Chauvigny;T03_20;86070;Chauvigny;
86078;Civray;T00_30;86078;Civray;4.0
86082;Valence-en-Poitou;T03_20;86082;Valence-en-Poitou;
86092;Dangé-Saint-Romain;T02_20;86092;Dangé-Saint-Romain;2.0
86103;Gençay;T03_20;86103;Gençay;
86112;L'Isle-Jourdain;T00_30;86112;L'Isle-Jourdain;4.0
86128;Lencloître;T02_20;86128;Lencloître;2.0
86137;Loudun;T01_10;86137;Loudun;1.0
86139;Lusignan;T03_20;86139;Lusignan;
86140;Lussac-les-Châteaux;T00_30;86140;Lussac-les-Châteaux;4.0
86160;Mirebeau;T00_30;86160;Mirebeau;4.0
86165;Montmorillon;T01_10;86165;Montmorillon;1.0
86193;Pleumartin;T02_20;86193;Pleumartin;2.0
86207;La Roche-Posay;T02_20;86207;La Roche-Posay;2.0
87011;Bellac;T01_10;87011;Bellac;1.0
87032;Châlus;T03_20;87032;Châlus;
87040;Châteauneuf-la-Forêt;T03_20;87040;Châteauneuf-la-Forêt;
87041;Châteauponsac;T03_20;87041;Châteauponsac;
87059;Le Dorat;T00_30;87059;Le Dorat;4.0
87064;Eymoutiers;T00_30;87064;Eymoutiers;4.0
87106;Nexon;T03_20;87106;Nexon;
87126;Rochechouart;T00_30;87126;Rochechouart;4.0
87154;Saint-Junien;T03_20;87154;Saint-Junien;
87161;Saint-Léonard-de-Noblat;T03_20;87161;Saint-Léonard-de-Noblat;
87187;Saint-Yrieix-la-Perche;T01_10;87187;Saint-Yrieix-la-Perche;1.0
88029;La Vôge-les-Bains;T00_30;88029;La Vôge-les-Bains;4.0
88078;Bruyères;T01_10;88078;Bruyères;1.0
88090;Charmes;T01_10;88090;Charmes;1.0
88095;Châtenois;T01_20;88095;Châtenois;1.0
88114;Contrexéville;T01_10;88114;Contrexéville;1.0
88124;Darney;T00_30;88124;Darney;4.0
88181;Fraize;T02_20;88181;Fraize;2.0
88258;Lamarche;T01_20;88258;Lamarche;1.0
88304;Mirecourt;T01_10;88304;Mirecourt;1.0
88310;Monthureux-sur-Saône;T00_30;88310;Monthureux-sur-Saône;4.0
88321;Neufchâteau;T01_10;88321;Neufchâteau;1.0
88349;Plainfaing;T00_30;88349;Plainfaing;4.0
88351;Plombières-les-Bains;T00_30;88351;Plombières-les-Bains;4.0
88367;Rambervillers;T01_10;88367;Rambervillers;1.0
88372;Raon-l'Étape;T02_20;88372;Raon-l'Étape;2.0
88383;Remiremont;T01_10;88383;Remiremont;1.0
88487;Le Val-d'Ajol;T00_30;88487;Le Val-d'Ajol;4.0
88516;Vittel;T01_10;88516;Vittel;1.0
88530;Xertigny;T02_20;88530;Xertigny;2.0
89025;Avallon;T01_10;89025;Avallon;1.0
89046;Bléneau;T00_30;89046;Bléneau;4.0
89073;Champignelles;T00_30;89073;Champignelles;4.0
89086;Charny Orée de Puisaye;T00_30;89086;Charny Orée de Puisaye;4.0
89125;Courson-les-Carrières;T02_20;89125;Courson-les-Carrières;2.0
89206;Joigny;T01_10;89206;Joigny;1.0
89257;Migennes;T01_10;89257;Migennes;1.0
89344;Saint-Fargeau;T00_30;89344;Saint-Fargeau;4.0
89345;Saint-Florentin;T01_10;89345;Saint-Florentin;1.0
89368;Saint-Sauveur-en-Puisaye;T00_30;89368;Saint-Sauveur-en-Puisaye;4.0
89418;Tonnerre;T01_10;89418;Tonnerre;1.0
89419;Toucy;T02_20;89419;Toucy;2.0
89461;Villeneuve-l'Archevêque;T02_20;89461;Villeneuve-l'Archevêque;2.0
90009;Beaucourt;T02_20;90009;Beaucourt;2.0
90033;Delle;T01_10;90033;Delle;1.0
90052;Giromagny;T02_20;90052;Giromagny;2.0
90053;Grandvillars;T01_10;90053;Grandvillars;1.0
91016;Angerville;T45_20;91016;Angerville;3.0
91045;Ballancourt-sur-Essonne;T45_20;91045;Ballancourt-sur-Essonne;3.0
91105;Breuillet;T45_20;91105;Breuillet;3.0
91111;Briis-sous-Forges;T45_20;91111;Briis-sous-Forges;3.0
91200;Dourdan;T45_20;91200;Dourdan;3.0
91232;La Ferté-Alais;T45_20;91232;La Ferté-Alais;3.0
91338;Limours;T45_20;91338;Limours;3.0
91359;Maisse;T45_20;91359;Maisse;3.0
91405;Milly-la-Forêt;T45_20;91405;Milly-la-Forêt;3.0
95250;Fosses;T45_20;95250;Fosses;3.0
95351;Louvres;T45_20;95351;Louvres;3.0
95355;Magny-en-Vexin;T45_20;95355;Magny-en-Vexin;3.0
95370;Marines;T45_20;95370;Marines;3.0
95652;Viarmes;T45_20;95652;Viarmes;3.0
97106;Bouillante;T01_10;97106;Bouillante;1.0
97115;Lamentin;T03_20;97115;Lamentin;
97116;Morne-à-l'Eau;T03_20;97116;Morne-à-l'Eau;
97117;Le Moule;T03_20;97117;Le Moule;
97128;Sainte-Anne;T03_20;97128;Sainte-Anne;
97130;Terre-de-Bas;T00_30;97130;Terre-de-Bas;4.0
97131;Terre-de-Haut;T00_30;97131;Terre-de-Haut;4.0
97202;Les Anses-d'Arlet;T03_20;97202;Les Anses-d'Arlet;
97204;Le Carbet;T03_20;97204;Le Carbet;
97220;Rivière-Pilote;T03_20;97220;Rivière-Pilote;
97223;Saint-Esprit;T03_20;97223;Saint-Esprit;
97225;Saint-Pierre;T03_20;97225;Saint-Pierre;
97227;Sainte-Luce;T03_20;97227;Sainte-Luce;
97228;Sainte-Marie;T03_20;97228;Sainte-Marie;
97230;La Trinité;T03_20;97230;La Trinité;
97231;Les Trois-Îlets;T03_20;97231;Les Trois-Îlets;
97232;Le Vauclin;T03_20;97232;Le Vauclin;
97308;Saint-Georges;T00_30;97308;Saint-Georges;4.0
97353;Maripasoula;T00_30;97353;Maripasoula;4.0
97357;Grand-Santi;T00_30;97357;Grand-Santi;4.0
97362;Papaichton;T00_30;97362;Papaichton;4.0
97401;Les Avirons;T02_10;97401;Les Avirons;2.0
97402;Bras-Panon;T03_20;97402;Bras-Panon;
97403;Entre-Deux;T03_20;97403;Entre-Deux;
97404;L'Étang-Salé;T02_10;97404;L'Étang-Salé;2.0
97405;Petite-Île;T03_20;97405;Petite-Île;
97406;La Plaine-des-Palmistes;T02_10;97406;La Plaine-des-Palmistes;2.0
97417;Saint-Philippe;T00_30;97417;Saint-Philippe;4.0
97419;Sainte-Rose;T02_20;97419;Sainte-Rose;2.0
97421;Salazie;T01_10;97421;Salazie;1.0
97423;Les Trois-Bassins;T02_10;97423;Les Trois-Bassins;2.0
97424;Cilaos;T00_30;97424;Cilaos;4.0
97602;Bandraboua;T03_20;97602;Bandraboua;
97603;Bandrele;T03_20;97603;Bandrele;
97614;Ouangani;T03_20;97614;Ouangani;
