code_insee;is_attractive;is_attractive_migratoire;is_attractive_naturel;nombre_d_equipements_culturels;nombre_d_equipements_sportifs;nombre_de_festivals
01033;False;False;True;10.0;50;1.0
01202;True;True;True;3.0;19;0.0
01265;True;True;True;1.0;13;0.0
01266;True;True;False;3.0;12;1.0
01306;True;True;False;5.0;11;0.0
02173;False;False;False;7.0;48;2.0
02305;False;False;False;5.0;16;0.0
02307;False;False;False;10.0;12;0.0
02381;False;False;False;4.0;38;1.0
02468;False;True;False;4.0;11;0.0
02676;False;False;True;3.0;4;0.0
03118;False;True;False;10.0;21;2.0
03138;True;True;False;10.0;15;2.0
03195;False;True;False;15.0;14;0.0
04039;False;False;False;8.0;11;0.0
04049;False;False;False;10.0;27;2.0
05006;False;False;False;10.0;18;3.0
05065;False;True;False;5.0;19;1.0
05179;True;True;False;2.0;33;1.0
06130;True;True;True;3.0;12;0.0
06163;False;True;False;12.0;12;0.0
07201;True;True;False;7.0;7;1.0
07204;False;True;False;2.0;7;2.0
07324;True;True;False;18.0;13;2.0
07330;True;True;False;16.0;11;0.0
07334;False;True;False;9.0;9;2.0
08363;False;False;False;8.0;24;1.0
08420;False;False;False;2.0;6;0.0
08490;False;False;False;6.0;24;1.0
09167;True;True;False;5.0;7;0.0
09306;False;True;False;9.0;11;1.0
10003;False;True;False;7.0;18;0.0
10006;False;True;False;4.0;17;0.0
10033;False;False;False;19.0;28;2.0
10268;False;False;True;10.0;26;0.0
11076;True;True;False;24.0;57;6.0
11091;True;True;False;3.0;8;1.0
11129;False;False;False;3.0;9;1.0
12052;False;True;False;4.0;10;2.0
12120;True;True;False;4.0;11;0.0
12197;False;True;False;2.0;15;0.0
12208;False;True;False;7.0;37;0.0
12209;False;True;False;1.0;5;0.0
12270;False;True;False;17.0;18;0.0
13100;False;True;False;33.0;29;2.0
13105;False;False;True;2.0;16;0.0
14174;False;False;False;4.0;15;0.0
14200;False;False;True;12.0;12;0.0
14228;False;True;False;8.0;21;1.0
14514;True;True;False;20.0;20;0.0
14764;False;False;False;1.0;9;2.0
15119;True;True;False;4.0;10;2.0
15187;False;False;False;40.0;28;3.0
15265;False;True;False;4.0;10;0.0
15267;True;True;False;2.0;12;0.0
15268;True;True;False;1.0;6;0.0
17172;True;True;False;4.0;13;0.0
17197;True;True;False;8.0;29;2.0
17347;False;True;False;16.0;33;3.0
17387;True;True;False;5.0;12;0.0
18058;False;True;False;4.0;8;0.0
18233;False;True;False;3.0;9;0.0
21292;False;False;False;2.0;16;0.0
21554;False;True;False;4.0;5;0.0
21603;False;True;False;17.0;31;3.0
22025;True;True;False;3.0;15;2.0
22070;True;True;False;22.0;22;3.0
22093;True;True;False;32.0;83;3.0
22162;False;True;False;18.0;33;3.0
22183;True;True;False;7.0;14;0.0
22194;True;True;False;10.0;17;2.0
23031;False;True;False;7.0;9;0.0
23069;True;True;False;2.0;8;0.0
23070;False;True;False;7.0;2;1.0
23100;False;False;False;3.0;6;0.0
23131;False;False;False;2.0;4;0.0
24551;False;True;False;4.0;12;0.0
25022;True;True;True;2.0;9;0.0
25334;True;True;False;2.0;15;0.0
25434;True;True;False;17.0;19;1.0
25505;False;False;False;1.0;5;0.0
25512;True;True;True;2.0;12;2.0
26095;True;True;False;2.0;10;0.0
26165;True;True;True;4.0;16;0.0
26307;False;False;False;3.0;13;2.0
27116;False;True;False;2.0;16;1.0
27151;False;False;False;1.0;3;0.0
27246;False;False;True;1.0;14;0.0
27355;False;False;False;5.0;8;0.0
27377;False;True;False;7.0;4;0.0
27493;True;False;True;2.0;12;0.0
28196;False;True;False;10.0;16;0.0
28214;False;True;False;2.0;12;1.0
28391;False;False;True;2.0;12;0.0
29024;False;True;False;12.0;33;3.0
29039;True;True;False;15.0;48;5.0
29043;True;True;False;6.0;7;0.0
29053;True;True;False;29.0;7;0.0
29072;False;True;False;4.0;10;1.0
29105;True;True;False;7.0;34;1.0
29162;False;True;False;2.0;22;0.0
29217;False;True;False;12.0;14;0.0
29284;True;True;False;7.0;7;2.0
2A247;False;False;True;6.0;22;4.0
2B152;True;True;False;3.0;5;0.0
30032;False;False;True;61.0;36;0.0
30133;True;True;False;8.0;29;1.0
30210;True;True;False;2.0;13;0.0
30321;True;True;False;7.0;16;3.0
31454;True;True;False;2.0;8;0.0
32132;False;True;False;4.0;18;2.0
32147;True;True;False;7.0;23;0.0
32344;False;True;False;2.0;20;1.0
33389;True;True;False;2.0;9;1.0
33402;True;True;False;10.0;4;4.0
34081;True;True;False;6.0;6;0.0
34114;True;True;True;11.0;20;1.0
34150;False;True;False;3.0;17;0.0
34189;False;False;False;3.0;13;0.0
34239;True;True;True;1.0;12;0.0
34284;False;True;False;8.0;18;1.0
35004;False;True;False;6.0;11;0.0
35012;True;True;False;6.0;12;2.0
35069;True;True;True;6.0;21;3.0
35239;True;True;False;3.0;10;2.0
35257;True;True;False;4.0;10;0.0
36031;True;True;False;5.0;23;1.0
36034;True;True;False;4.0;15;0.0
36063;True;True;False;10.0;31;0.0
36230;False;True;False;3.0;9;1.0
37091;True;True;True;5.0;7;0.0
37123;False;False;False;11.0;21;1.0
37130;False;True;False;5.0;10;1.0
37226;False;True;False;11.0;15;0.0
38034;True;True;False;2.0;12;2.0
38087;True;True;True;1.0;12;0.0
39333;True;True;False;7.0;14;2.0
39500;False;True;False;26.0;15;1.0
40002;True;True;False;4.0;12;1.0
40102;False;True;False;2.0;13;0.0
40119;True;True;False;3.0;18;0.0
40194;True;True;False;2.0;7;0.0
40331;True;True;False;1.0;7;0.0
41123;True;True;False;2.0;4;0.0
41143;False;True;False;6.0;12;0.0
41167;False;False;False;4.0;10;2.0
41171;False;False;False;1.0;7;0.0
41269;False;False;False;30.0;43;8.0
42052;True;True;False;20.0;17;0.0
42181;False;False;False;2.0;5;0.0
42289;True;True;False;3.0;5;0.0
43003;False;True;False;8.0;7;1.0
43141;False;False;False;2.0;7;0.0
43234;False;True;False;9.0;17;1.0
43268;True;True;False;3.0;31;3.0
44084;True;True;True;4.0;16;0.0
44116;False;False;False;2.0;16;1.0
45053;False;False;False;5.0;17;3.0
45082;True;True;True;8.0;16;0.0
45145;True;True;False;6.0;11;1.0
46038;True;True;False;1.0;6;0.0
46045;False;True;False;5.0;13;1.0
46063;False;True;False;7.0;13;0.0
46251;False;True;False;10.0;13;2.0
47143;True;True;False;1.0;8;0.0
47179;False;True;False;5.0;4;0.0
48096;False;True;False;4.0;13;0.0
49063;True;True;False;4.0;26;1.0
49080;True;False;True;17.0;42;1.0
49244;False;False;True;28.0;98;3.0
49331;True;True;False;36.0;81;4.0
50041;False;False;True;33.0;62;1.0
50076;True;True;False;2.0;12;0.0
50082;False;False;True;6.0;16;0.0
50099;False;True;False;18.0;29;1.0
50197;True;True;False;0.0;9;0.0
50218;False;True;False;23.0;27;3.0
50292;True;True;False;3.0;9;0.0
50400;False;False;False;5.0;9;0.0
50551;False;False;False;6.0;9;0.0
50601;True;True;False;3.0;14;0.0
50639;False;True;False;6.0;15;1.0
52008;False;True;False;3.0;4;0.0
52058;False;False;True;3.0;11;0.0
52197;False;True;False;2.0;11;0.0
52247;False;False;False;0.0;4;0.0
52405;False;False;False;7.0;12;0.0
53062;False;True;False;26.0;59;5.0
53152;False;True;False;2.0;20;1.0
55122;False;False;False;16.0;24;2.0
55181;False;False;False;3.0;16;0.0
55351;False;False;False;8.0;6;0.0
55533;False;True;False;7.0;12;0.0
56091;True;True;False;22.0;20;2.0
56169;True;True;False;8.0;25;1.0
56184;True;True;False;13.0;25;2.0
56186;False;True;False;19.0;42;3.0
56240;True;True;False;12.0;34;3.0
57089;False;False;False;5.0;39;1.0
57097;False;False;False;1.0;24;1.0
57332;False;False;False;5.0;28;1.0
57483;False;False;False;3.0;26;0.0
57650;True;True;True;3.0;9;0.0
58065;False;True;False;3.0;6;0.0
58145;False;True;False;2.0;5;4.0
58151;False;True;False;2.0;9;0.0
58182;False;True;False;7.0;5;0.0
58304;False;False;False;11.0;4;0.0
59249;False;False;False;7.0;21;0.0
59571;False;False;False;2.0;10;0.0
60395;False;False;True;5.0;32;0.0
60577;False;False;True;3.0;9;0.0
61038;False;True;False;7.0;12;0.0
61181;False;True;False;3.0;10;0.0
61214;False;False;False;13.0;28;2.0
62364;False;True;False;1.0;11;0.0
62397;False;False;False;2.0;14;0.0
63040;True;True;False;25.0;17;3.0
63132;True;True;False;3.0;7;0.0
64062;True;True;False;6.0;17;0.0
64063;False;True;False;1.0;8;0.0
64233;False;True;False;2.0;11;0.0
64331;False;True;False;3.0;9;0.0
64405;True;True;True;2.0;32;0.0
64493;True;True;False;2.0;23;0.0
64519;True;True;True;1.0;19;1.0
65031;False;False;False;7.0;4;0.0
65059;False;True;False;17.0;25;7.0
65258;False;True;False;4.0;15;0.0
65452;False;True;False;4.0;7;0.0
66049;False;True;False;9.0;24;6.0
66065;True;True;False;11.0;25;0.0
66108;True;True;False;3.0;17;1.0
66125;False;False;False;4.0;4;1.0
66130;True;True;False;3.0;15;1.0
66222;True;True;False;1.0;8;0.0
67020;False;False;False;1.0;2;0.0
67176;True;True;True;1.0;7;0.0
67281;True;True;True;3.0;17;0.0
67291;True;True;False;1.0;10;0.0
67448;False;False;False;2.0;6;0.0
68162;False;False;False;36.0;19;0.0
68231;True;True;False;16.0;4;0.0
69010;True;False;True;4.0;21;0.0
69018;True;True;False;4.0;10;0.0
69019;True;True;True;7.0;24;1.0
69288;True;True;True;1.0;16;0.0
70120;False;False;False;2.0;14;0.0
70292;False;False;False;5.0;12;1.0
71106;True;True;False;11.0;14;1.0
71120;False;True;False;3.0;16;1.0
71137;True;True;False;36.0;25;12.0
71158;True;True;False;5.0;12;3.0
71178;False;False;True;2.0;5;0.0
71192;False;True;False;1.0;9;0.0
71351;False;True;False;5.0;10;0.0
71545;True;True;False;3.0;5;0.0
72071;False;False;False;11.0;38;1.0
72124;True;True;False;4.0;21;0.0
72334;False;True;False;3.0;23;0.0
72363;False;True;False;2.0;14;0.0
73010;True;True;True;1.0;21;0.0
74119;True;True;True;12.0;24;5.0
74169;True;True;True;1.0;7;0.0
74264;True;True;True;3.0;9;0.0
76159;False;False;True;6.0;12;0.0
76196;True;True;False;3.0;8;0.0
76302;True;True;False;2.0;13;0.0
76312;False;False;False;6.0;13;0.0
76329;False;False;True;1.0;9;0.0
76392;False;False;False;0.0;7;0.0
76647;True;True;False;3.0;9;1.0
76648;False;False;False;1.0;11;0.0
78310;True;True;False;8.0;15;0.0
78321;True;True;False;4.0;13;1.0
78380;True;True;True;7.0;12;0.0
79174;False;False;False;17.0;43;4.0
79202;False;True;False;25.0;31;4.0
79307;False;False;False;2.0;14;1.0
79329;False;True;False;36.0;50;4.0
80570;False;True;False;3.0;19;0.0
80620;False;True;False;7.0;57;3.0
80685;False;False;False;4.0;32;1.0
81003;False;False;False;2.0;7;0.0
81033;False;False;False;0.0;20;1.0
81069;False;True;False;30.0;8;3.0
81099;True;True;False;18.0;53;4.0
81222;True;True;False;2.0;10;1.0
82022;False;True;False;1.0;3;0.0
82134;True;True;False;8.0;21;0.0
83042;False;False;True;4.0;20;1.0
83073;True;True;False;6.0;27;0.0
84054;True;True;False;17.0;45;6.0
84072;True;True;False;5.0;18;0.0
84080;True;True;True;5.0;27;0.0
84133;True;True;False;6.0;11;3.0
85047;True;True;False;8.0;52;0.0
85065;True;True;False;1.0;7;0.0
85152;True;True;True;4.0;20;0.0
85288;True;True;False;6.0;19;0.0
86070;False;True;False;14.0;24;2.0
86078;False;True;False;7.0;20;1.0
86092;False;True;False;1.0;14;0.0
86193;False;True;False;1.0;7;0.0
87011;False;False;False;7.0;17;2.0
87040;False;True;False;3.0;7;0.0
88095;True;True;False;4.0;8;0.0
88114;False;False;False;4.0;18;0.0
88124;False;True;False;5.0;7;0.0
88181;False;True;False;3.0;9;0.0
88304;False;False;False;12.0;21;2.0
89046;False;False;False;4.0;5;0.0
89257;False;True;False;3.0;27;1.0
89418;False;False;False;23.0;12;1.0
89461;False;False;False;2.0;7;1.0
91359;True;True;True;4.0;8;0.0
91405;False;False;False;11.0;15;0.0
95652;True;True;True;4.0;13;1.0
97115;True;True;True;11.0;19;0.0
97357;True;True;True;0.0;5;0.0
97401;True;False;True;3.0;20;0.0
01185;False;True;False;3.0;29;2.0
01244;True;True;True;2.0;20;3.0
01269;False;True;False;5.0;12;1.0
01305;False;True;False;3.0;14;2.0
01350;True;False;True;1.0;11;0.0
01420;False;True;False;2.0;13;0.0
01443;True;True;False;5.0;18;1.0
02141;False;True;False;3.0;14;0.0
02430;False;True;False;4.0;8;0.0
02502;False;False;False;3.0;5;0.0
02602;False;False;False;1.0;12;0.0
02738;False;False;True;5.0;42;1.0
02758;True;True;False;2.0;6;0.0
02810;False;False;True;13.0;32;0.0
03036;False;True;False;13.0;13;2.0
03082;False;True;False;4.0;19;0.0
03161;True;True;False;2.0;6;0.0
03298;True;True;False;1.0;18;0.0
04088;True;True;False;18.0;21;4.0
04209;True;True;False;12.0;20;1.0
05050;True;True;False;1.0;3;0.0
05070;True;True;False;3.0;20;5.0
05132;True;True;False;5.0;14;0.0
05166;True;True;False;5.0;15;0.0
06023;False;True;False;10.0;12;1.0
06103;True;True;False;2.0;12;0.0
07132;False;False;False;7.0;10;0.0
08419;False;True;False;1.0;4;1.0
08491;False;False;True;1.0;16;1.0
10034;False;True;False;7.0;10;0.0
10064;False;True;False;10.0;13;0.0
10080;False;False;False;2.0;7;2.0
10140;False;True;False;5.0;5;0.0
11103;True;True;False;2.0;8;1.0
11266;True;True;False;1.0;20;2.0
11304;False;False;False;4.0;22;0.0
11379;True;True;False;6.0;17;0.0
12089;False;False;False;10.0;22;1.0
12198;False;True;False;3.0;11;1.0
14027;False;False;False;4.0;10;0.0
14035;False;False;False;4.0;6;0.0
14061;False;False;True;9.0;28;0.0
14098;True;True;True;10.0;20;0.0
14126;False;True;False;6.0;6;0.0
14143;True;True;False;4.0;7;0.0
14225;False;False;False;11.0;14;2.0
14312;False;True;False;3.0;7;0.0
14333;False;False;False;66.0;26;2.0
14342;False;True;False;5.0;12;0.0
14431;False;False;True;22.0;19;0.0
14654;False;False;False;21.0;19;0.0
14711;False;True;False;3.0;8;0.0
15175;False;False;False;6.0;4;0.0
16106;True;True;False;21.0;15;2.0
16192;False;True;False;5.0;22;0.0
16281;False;True;False;9.0;14;1.0
16286;False;True;False;4.0;9;1.0
16366;False;True;False;3.0;11;0.0
17224;True;True;False;6.0;11;0.0
17240;True;True;False;2.0;21;2.0
17331;False;True;False;3.0;14;0.0
17421;False;True;False;1.0;21;2.0
18057;False;False;False;7.0;13;1.0
18087;False;False;False;7.0;13;0.0
18241;False;False;False;8.0;7;1.0
19011;True;True;False;3.0;7;0.0
19036;True;True;False;3.0;16;2.0
19138;False;True;False;4.0;6;1.0
21501;True;True;False;4.0;8;0.0
22004;True;True;False;7.0;22;1.0
22050;True;True;False;83.0;32;10.0
22136;True;True;False;5.0;43;1.0
22137;False;True;False;2.0;6;1.0
22143;True;True;False;3.0;6;1.0
22147;True;True;False;3.0;18;1.0
22222;True;True;False;5.0;15;3.0
22362;False;True;False;32.0;12;2.0
23008;False;False;False;19.0;21;4.0
23025;True;True;False;2.0;14;0.0
23045;False;True;False;5.0;10;0.0
23079;False;True;False;15.0;22;2.0
23089;False;True;False;1.0;4;0.0
23105;False;False;False;2.0;3;0.0
23176;False;False;False;11.0;31;1.0
24028;False;True;False;21.0;13;0.0
24294;True;True;False;4.0;22;0.0
24396;False;True;False;6.0;10;0.0
25047;False;False;False;9.0;22;0.0
25237;False;False;True;1.0;4;0.0
25315;False;False;False;1.0;19;0.0
25411;True;True;False;7.0;27;3.0
26063;False;True;False;4.0;16;1.0
26114;True;True;False;8.0;10;3.0
27051;False;False;False;3.0;19;0.0
27056;False;False;False;16.0;44;1.0
27117;False;False;False;3.0;6;0.0
27279;False;False;True;2.0;14;1.0
27448;False;True;False;3.0;20;0.0
27470;False;False;True;0.0;13;0.0
28027;False;True;False;2.0;4;0.0
28061;False;True;False;4.0;23;0.0
28149;False;False;False;4.0;5;0.0
28279;False;False;False;8.0;16;0.0
28387;False;True;False;2.0;9;0.0
29020;True;True;True;6.0;17;1.0
29158;False;True;False;16.0;15;2.0
29197;False;True;False;6.0;12;0.0
29199;False;True;False;3.0;19;0.0
29233;True;True;False;25.0;49;4.0
29260;True;True;False;4.0;34;0.0
29302;False;False;False;2.0;24;0.0
2A249;False;False;False;2.0;10;1.0
2B096;True;True;False;17.0;21;0.0
30034;True;True;True;2.0;16;0.0
30132;False;False;False;4.0;16;2.0
30263;False;False;False;5.0;9;0.0
31033;True;True;False;3.0;26;0.0
31239;False;True;False;3.0;6;0.0
31582;True;True;False;4.0;23;0.0
32079;False;True;False;1.0;13;0.0
32233;False;True;False;6.0;9;1.0
32296;True;True;False;4.0;17;1.0
32319;False;True;False;2.0;11;0.0
32410;True;True;False;4.0;13;2.0
33042;True;True;True;5.0;11;0.0
33108;True;True;False;4.0;13;1.0
33227;False;True;False;5.0;29;0.0
34079;True;True;False;13.0;18;1.0
34101;True;True;False;1.0;17;0.0
34111;True;True;False;4.0;16;0.0
34147;True;True;False;4.0;12;1.0
34199;False;False;False;45.0;27;3.0
35023;True;True;True;1.0;7;0.0
35126;True;True;True;3.0;21;0.0
35152;True;True;True;4.0;24;1.0
35176;True;True;True;4.0;14;1.0
35184;True;True;True;5.0;13;0.0
35188;True;True;False;8.0;19;0.0
35223;True;True;False;4.0;12;2.0
35282;True;False;True;6.0;7;0.0
35297;False;True;False;6.0;11;0.0
36001;False;True;False;3.0;9;0.0
36005;False;False;False;2.0;11;0.0
36006;False;True;False;8.0;31;4.0
36045;False;False;False;10.0;13;0.0
36046;False;True;False;14.0;15;0.0
36093;False;True;False;7.0;12;2.0
36228;False;True;False;5.0;10;1.0
37031;False;True;False;8.0;14;0.0
37063;False;False;False;6.0;25;2.0
37225;True;False;True;4.0;6;0.0
38226;True;True;False;9.0;7;0.0
38269;False;True;False;3.0;16;0.0
39478;False;False;False;12.0;27;1.0
40197;False;True;False;6.0;22;1.0
41136;True;True;False;7.0;17;0.0
41151;False;True;False;14.0;14;0.0
41159;True;True;False;2.0;6;0.0
41242;False;True;False;9.0;17;0.0
42011;False;False;False;2.0;12;0.0
42165;False;True;False;2.0;13;0.0
42204;False;True;False;12.0;9;0.0
42224;True;True;False;2.0;7;1.0
43112;False;False;False;5.0;15;1.0
43135;False;True;False;7.0;9;1.0
43185;True;True;False;2.0;10;0.0
43200;True;True;False;3.0;11;0.0
43267;True;True;False;1.0;6;0.0
44015;True;True;True;6.0;28;0.0
44072;True;True;True;6.0;22;0.0
44087;True;True;False;6.0;25;1.0
44161;True;True;False;2.0;14;1.0
44180;False;False;True;13.0;46;0.0
44195;True;True;True;3.0;36;0.0
44212;True;True;True;5.0;23;2.0
45028;True;True;False;19.0;27;3.0
45115;False;True;False;3.0;17;0.0
45203;True;True;False;13.0;22;5.0
45315;False;False;False;8.0;17;1.0
46173;True;True;False;6.0;9;0.0
46185;True;True;False;13.0;7;3.0
46309;False;True;False;9.0;14;2.0
46330;False;False;False;5.0;5;0.0
47004;False;False;False;8.0;11;0.0
47048;True;True;False;2.0;7;0.0
47078;True;True;False;3.0;12;0.0
47086;False;True;False;3.0;8;1.0
47168;False;True;False;1.0;13;2.0
48017;True;True;True;3.0;5;0.0
48039;False;False;True;5.0;16;1.0
48080;False;True;False;6.0;19;1.0
48140;False;True;False;5.0;29;0.0
49180;False;False;False;6.0;18;0.0
49228;False;False;False;25.0;44;1.0
49248;False;True;False;14.0;56;0.0
50031;False;True;False;5.0;11;0.0
50139;True;False;True;2.0;14;0.0
50236;False;True;False;4.0;14;0.0
50359;False;True;False;4.0;15;0.0
50402;True;True;True;1.0;15;0.0
50417;True;True;False;2.0;2;0.0
50523;False;True;False;9.0;10;0.0
51507;True;True;False;8.0;28;0.0
51612;False;True;False;1.0;20;0.0
52050;False;False;True;2.0;9;0.0
52074;False;True;False;6.0;5;0.0
52269;False;True;False;54.0;26;6.0
53003;False;True;False;4.0;17;0.0
53084;False;True;False;7.0;23;1.0
53096;False;True;False;8.0;24;0.0
53107;False;True;False;3.0;17;0.0
53161;False;False;False;8.0;15;0.0
54263;True;True;False;1.0;14;0.0
54322;False;False;False;2.0;15;0.0
55427;False;False;True;2.0;12;0.0
55463;False;False;False;22.0;18;0.0
56001;True;True;False;3.0;19;3.0
56057;False;True;False;12.0;14;0.0
56127;True;True;False;2.0;17;0.0
56165;False;True;False;26.0;43;0.0
57207;False;False;True;0.0;22;0.0
58046;False;True;False;2.0;8;0.0
58062;False;False;False;6.0;11;1.0
58083;False;True;False;4.0;7;3.0
58095;False;True;False;8.0;17;3.0
58227;False;True;False;5.0;5;0.0
58267;False;True;False;2.0;4;0.0
59015;True;True;False;1.0;12;0.0
59035;False;False;False;1.0;8;0.0
59037;False;True;False;1.0;15;0.0
59053;False;True;False;7.0;16;0.0
59331;False;False;False;1.0;13;1.0
59481;False;True;False;5.0;16;0.0
60104;False;False;False;5.0;21;0.0
60157;False;True;False;12.0;26;3.0
61230;False;True;False;8.0;15;0.0
61339;False;False;False;6.0;11;0.0
61464;False;True;False;15.0;14;1.0
61483;True;True;False;5.0;10;3.0
61508;False;True;False;2.0;9;0.0
62063;False;False;True;3.0;3;0.0
62268;False;False;False;3.0;16;0.0
62516;False;False;True;7.0;25;1.0
62588;False;True;False;19.0;5;1.0
63281;False;True;False;2.0;10;1.0
63291;False;True;False;3.0;13;0.0
63354;False;True;False;2.0;12;1.0
64371;False;True;False;6.0;17;1.0
64416;True;True;False;5.0;13;1.0
64430;True;True;False;17.0;65;2.0
64453;False;True;False;3.0;18;0.0
64485;False;True;False;8.0;20;0.0
65025;False;True;False;4.0;13;1.0
65375;False;True;False;2.0;8;0.0
65389;True;True;False;2.0;5;0.0
66016;False;True;False;5.0;21;1.0
66071;True;True;False;4.0;7;0.0
66124;False;False;False;8.0;27;0.0
66148;False;True;False;13.0;16;2.0
66164;True;True;False;5.0;22;0.0
66180;False;False;False;1.0;25;0.0
66210;True;True;False;4.0;23;2.0
67021;False;False;True;6.0;18;0.0
67061;False;False;False;21.0;15;1.0
67101;True;True;False;6.0;4;0.0
67414;False;False;False;1.0;1;0.0
67507;False;True;False;5.0;10;0.0
68068;True;True;False;2.0;10;0.0
68201;False;True;False;11.0;17;1.0
68226;True;True;False;10.0;23;2.0
68249;False;False;False;4.0;12;0.0
68298;False;True;False;13.0;18;2.0
68334;False;True;False;18.0;22;0.0
69141;True;True;True;11.0;19;2.0
70122;False;True;False;14.0;10;0.0
71073;False;False;False;7.0;21;1.0
71133;False;True;False;4.0;17;2.0
71289;True;True;True;2.0;12;0.0
71394;True;True;False;2.0;4;1.0
72023;True;True;False;4.0;14;0.0
72035;False;False;False;2.0;11;0.0
72039;False;True;False;3.0;13;0.0
72189;False;True;False;2.0;12;0.0
72223;False;False;True;2.0;13;0.0
73236;False;True;False;3.0;10;0.0
73270;True;True;True;3.0;14;0.0
73303;True;True;False;2.0;21;0.0
74026;True;False;True;1.0;11;0.0
74056;False;False;True;10.0;30;5.0
74081;False;False;True;8.0;17;0.0
74256;True;True;True;5.0;30;1.0
76051;True;False;True;1.0;11;0.0
76114;False;False;True;10.0;18;0.0
76164;False;True;False;30.0;22;0.0
76400;False;True;False;2.0;4;0.0
76758;False;False;False;10.0;23;0.0
77327;True;True;True;4.0;17;0.0
77475;True;False;True;0.0;9;0.0
79013;True;True;False;12.0;18;0.0
79062;True;True;False;2.0;24;1.0
79148;False;True;False;1.0;11;0.0
79311;False;True;False;2.0;13;0.0
80010;False;False;False;1.0;14;0.0
80222;False;True;False;1.0;7;0.0
80318;True;True;False;3.0;20;0.0
80606;False;True;False;2.0;7;0.0
81037;True;True;False;2.0;10;0.0
81060;True;True;False;7.0;33;1.0
81140;True;True;False;12.0;32;0.0
81220;True;True;False;14.0;10;1.0
82087;False;True;False;4.0;15;0.0
82097;True;True;False;1.0;7;0.0
82112;True;True;False;16.0;44;0.0
82115;True;True;False;2.0;9;0.0
82155;True;True;False;21.0;16;2.0
83012;False;True;False;4.0;13;3.0
83031;True;True;False;4.0;10;1.0
83071;True;True;False;2.0;33;3.0
84019;False;False;True;18.0;39;1.0
84026;True;True;False;4.0;9;0.0
84138;False;True;False;11.0;29;3.0
85059;True;True;False;7.0;20;0.0
85215;True;True;False;3.0;10;0.0
86082;False;True;False;9.0;22;2.0
86137;True;True;False;23.0;25;6.0
87064;True;True;False;8.0;9;3.0
87161;False;True;False;19.0;16;1.0
88029;False;False;False;4.0;8;0.0
88321;False;True;False;28.0;26;0.0
88372;False;False;False;9.0;22;1.0
88487;False;True;False;5.0;10;0.0
88516;False;False;False;11.0;28;0.0
89344;False;False;False;8.0;10;0.0
91016;True;True;True;2.0;10;0.0
91105;True;True;True;1.0;23;0.0
95250;True;False;True;4.0;14;0.0
97106;False;False;False;5.0;21;0.0
97202;True;True;False;3.0;9;0.0
97204;False;False;False;4.0;13;1.0
97225;False;False;True;18.0;9;0.0
97403;True;True;True;2.0;25;1.0
97406;True;True;True;2.0;8;0.0
01034;True;True;False;16.0;23;1.0
01072;True;True;False;1.0;13;1.0
01074;True;True;False;4.0;11;0.0
01304;True;True;False;2.0;15;0.0
01333;True;True;False;2.0;15;0.0
01457;True;True;True;2.0;13;0.0
02110;False;True;False;4.0;10;1.0
02304;False;True;False;6.0;25;0.0
02361;False;False;False;9.0;27;1.0
03043;True;True;False;5.0;7;1.0
03128;False;False;True;4.0;6;0.0
04018;True;True;False;4.0;9;1.0
04143;True;True;False;2.0;15;0.0
05017;True;True;True;1.0;13;2.0
07064;False;True;False;2.0;21;2.0
07319;True;True;True;5.0;17;0.0
07349;False;False;False;5.0;13;2.0
08081;False;False;False;3.0;23;1.0
08362;False;False;False;6.0;34;1.0
08486;False;False;False;2.0;9;0.0
10323;True;True;False;5.0;37;0.0
11049;False;True;False;5.0;14;1.0
11106;False;False;False;4.0;19;2.0
11116;True;True;False;2.0;7;0.0
11315;False;True;False;4.0;8;0.0
11397;False;False;False;3.0;17;1.0
12094;False;True;False;4.0;8;2.0
12096;True;True;False;13.0;16;1.0
12138;True;True;False;4.0;6;0.0
12164;False;True;False;8.0;5;0.0
12185;False;True;False;3.0;9;1.0
12199;True;True;False;1.0;10;0.0
12298;True;True;False;3.0;3;0.0
13097;True;False;True;5.0;31;2.0
14047;False;False;False;35.0;39;2.0
14191;True;True;False;2.0;15;1.0
14229;True;True;False;1.0;10;0.0
14478;False;False;False;10.0;11;0.0
14515;False;True;False;4.0;10;1.0
14692;True;True;True;5.0;7;0.0
14752;True;True;False;2.0;16;0.0
15045;False;True;False;6.0;8;0.0
15120;False;True;False;9.0;21;0.0
15138;False;True;False;14.0;9;0.0
15202;False;False;False;5.0;5;0.0
15215;False;False;True;4.0;4;0.0
16005;False;True;False;1.0;6;0.0
16073;True;True;False;4.0;10;1.0
16206;True;True;False;1.0;14;0.0
16223;False;True;False;9.0;8;1.0
16230;False;True;False;5.0;15;2.0
16292;False;True;False;6.0;15;0.0
17397;True;True;False;6.0;16;0.0
18003;False;True;False;2.0;5;2.0
18018;True;True;True;3.0;22;0.0
18023;False;False;True;1.0;8;0.0
18108;False;True;False;4.0;16;0.0
18242;False;True;False;3.0;13;0.0
19121;True;True;False;3.0;10;0.0
21103;False;False;False;3.0;12;0.0
21154;False;True;False;28.0;25;0.0
21425;False;False;False;11.0;25;0.0
21607;False;True;False;6.0;19;1.0
22084;True;True;True;5.0;16;0.0
22121;True;True;False;0.0;11;1.0
22158;True;True;False;8.0;20;0.0
22207;True;True;False;8.0;7;0.0
22262;False;True;False;18.0;23;2.0
22321;False;True;False;7.0;13;0.0
23001;False;True;False;6.0;16;0.0
23013;False;True;False;2.0;21;0.0
23076;False;True;False;7.0;11;0.0
24164;True;True;False;5.0;15;2.0
24520;False;True;False;78.0;41;4.0
25475;False;True;False;2.0;8;1.0
26166;True;False;True;5.0;11;0.0
27103;True;True;False;2.0;15;0.0
27105;True;True;True;4.0;13;0.0
27198;True;False;True;7.0;43;0.0
27213;False;False;True;11.0;21;1.0
27275;False;False;True;6.0;14;0.0
27507;True;True;False;2.0;16;0.0
27629;False;False;False;2.0;8;0.0
27679;False;False;False;19.0;44;1.0
28018;False;True;False;1.0;8;1.0
28059;False;True;False;2.0;8;0.0
28116;False;True;False;4.0;15;0.0
28199;False;True;False;4.0;9;0.0
28348;True;True;False;3.0;13;1.0
29003;False;True;False;5.0;10;1.0
29046;False;True;False;13.0;49;6.0
29135;False;True;False;5.0;20;1.0
29163;True;True;False;3.0;16;0.0
29195;True;True;False;5.0;16;0.0
2A041;True;True;True;26.0;11;1.0
2A348;True;True;False;7.0;6;1.0
2B050;True;True;True;7.0;23;5.0
30010;False;True;False;5.0;11;1.0
30029;True;True;False;4.0;11;1.0
30212;False;False;True;8.0;7;0.0
30259;True;True;False;3.0;8;0.0
30350;False;True;False;10.0;17;4.0
31028;True;True;False;7.0;11;0.0
31042;False;False;False;16.0;13;0.0
31107;True;True;False;4.0;16;0.0
31523;False;True;False;2.0;13;0.0
31584;True;True;False;4.0;25;1.0
32119;True;True;False;9.0;23;2.0
32160;True;True;True;6.0;29;1.0
32213;True;True;False;4.0;10;0.0
32462;True;True;False;4.0;13;3.0
33036;True;True;False;13.0;25;2.0
33140;True;True;False;3.0;11;2.0
33240;True;True;False;3.0;21;0.0
33327;True;True;False;7.0;14;1.0
34069;True;True;True;5.0;10;0.0
34142;False;True;False;22.0;23;1.0
34162;True;True;False;7.0;12;0.0
35019;True;True;False;6.0;3;1.0
35072;True;False;True;2.0;7;1.0
35109;True;True;True;1.0;4;0.0
35124;False;False;False;4.0;7;0.0
35167;True;True;False;1.0;6;0.0
35168;True;True;False;4.0;10;1.0
35173;True;True;True;1.0;13;2.0
35284;True;True;True;2.0;7;0.0
36141;False;True;False;4.0;11;1.0
37020;False;False;False;15.0;5;4.0
37167;True;True;True;3.0;6;0.0
38052;False;False;False;5.0;10;0.0
38130;True;True;False;15.0;20;1.0
38138;True;True;False;22.0;18;0.0
38517;True;True;False;14.0;15;0.0
39368;False;False;True;6.0;22;2.0
40110;True;True;False;3.0;5;1.0
40134;True;True;False;3.0;13;0.0
40224;True;True;False;8.0;21;0.0
40245;True;True;False;5.0;7;0.0
41025;True;True;False;1.0;8;0.0
41095;False;False;False;5.0;2;0.0
41173;False;False;False;12.0;15;0.0
42156;True;True;False;1.0;4;1.0
42159;False;True;False;3.0;9;0.0
42304;True;True;True;4.0;10;1.0
43051;False;True;False;2.0;19;6.0
43077;False;False;False;2.0;5;0.0
43111;False;True;False;2.0;7;0.0
43163;True;True;False;3.0;5;0.0
44067;True;True;False;4.0;28;0.0
44098;True;True;False;3.0;13;0.0
44113;True;True;False;6.0;18;1.0
44158;True;True;True;3.0;14;0.0
44213;True;False;True;5.0;25;1.0
45030;True;True;False;3.0;12;0.0
45187;True;True;False;4.0;13;1.0
45258;False;True;False;5.0;13;0.0
46201;True;True;False;6.0;10;2.0
46225;True;True;False;5.0;11;1.0
46231;False;True;False;6.0;11;1.0
47021;False;True;False;5.0;12;0.0
47052;False;True;False;7.0;24;0.0
47054;True;True;False;2.0;9;0.0
47106;False;True;False;5.0;28;1.0
48061;True;True;False;3.0;13;3.0
48092;False;True;False;11.0;30;0.0
48094;False;True;False;3.0;14;0.0
48099;False;False;False;6.0;16;0.0
49002;False;False;False;2.0;18;0.0
49215;False;False;False;18.0;22;3.0
49261;False;False;False;43.0;54;2.0
49373;False;False;False;8.0;21;0.0
50147;False;True;False;24.0;43;4.0
50267;False;True;False;2.0;15;2.0
50393;True;True;False;3.0;7;0.0
53188;False;True;False;3.0;13;0.0
54135;False;True;False;1.0;9;0.0
54425;False;False;True;3.0;7;0.0
54432;False;False;True;1.0;7;0.0
55502;False;False;False;8.0;17;0.0
56053;True;True;True;4.0;12;1.0
56073;False;True;False;6.0;15;1.0
56075;False;False;True;6.0;34;1.0
56101;True;True;True;4.0;15;0.0
56143;True;True;False;2.0;18;2.0
56166;True;True;False;3.0;19;0.0
56190;False;False;False;4.0;13;0.0
56198;False;False;False;2.0;18;0.0
56222;True;True;False;3.0;22;0.0
56244;True;True;False;4.0;12;0.0
57160;False;False;False;1.0;53;2.0
57240;False;True;False;4.0;48;0.0
58134;False;False;False;1.0;18;0.0
58218;False;True;False;3.0;7;0.0
59136;False;False;False;9.0;17;1.0
59153;False;False;True;15.0;20;1.0
59525;False;False;False;1.0;12;0.0
60471;False;False;True;16.0;41;0.0
61063;False;True;False;2.0;7;1.0
61168;False;False;False;4.0;19;1.0
61258;False;False;False;2.0;6;0.0
61484;False;False;True;11.0;15;0.0
61486;False;True;False;9.0;23;0.0
62186;False;False;True;7.0;24;1.0
62361;False;False;False;4.0;7;0.0
62447;True;True;False;12.0;6;1.0
62534;False;False;True;2.0;14;0.0
62758;False;False;False;6.0;32;0.0
62907;False;False;True;3.0;27;0.0
63010;False;True;False;7.0;14;0.0
63047;False;False;False;5.0;11;3.0
63048;False;True;False;2.0;5;1.0
63103;True;True;False;6.0;22;3.0
63116;False;False;False;6.0;7;0.0
63125;False;True;False;9.0;23;0.0
63165;False;True;False;2.0;9;0.0
63236;False;True;False;5.0;24;4.0
63285;False;True;False;4.0;7;0.0
63415;True;True;False;7.0;9;2.0
63457;True;True;True;8.0;22;1.0
64410;False;False;False;2.0;31;3.0
64417;False;True;False;4.0;22;1.0
65304;False;True;False;5.0;15;1.0
66003;True;True;False;7.0;17;2.0
66004;True;True;False;3.0;12;1.0
66024;False;False;False;4.0;13;0.0
67095;False;True;False;5.0;8;0.0
67324;True;True;False;6.0;9;1.0
67434;False;False;False;20.0;16;0.0
67520;True;True;False;8.0;20;0.0
68287;False;False;False;29.0;14;2.0
69066;False;False;False;2.0;15;0.0
69176;True;False;True;2.0;11;0.0
69238;True;True;False;4.0;10;1.0
69287;True;True;False;0.0;7;0.0
70026;False;False;False;2.0;4;2.0
70228;True;True;True;9.0;7;0.0
70285;False;False;False;6.0;41;0.0
70421;False;False;True;4.0;15;2.0
70451;False;True;False;7.0;15;1.0
70467;False;False;False;2.0;18;0.0
71047;False;True;False;9.0;25;1.0
71157;False;True;False;5.0;6;2.0
71190;False;True;False;3.0;12;0.0
71342;True;True;False;12.0;42;0.0
71543;False;True;False;27.0;25;5.0
71566;False;False;False;2.0;8;0.0
72132;False;True;False;13.0;40;3.0
72143;True;True;False;3.0;15;0.0
72179;False;False;False;3.0;9;1.0
72180;False;True;False;6.0;31;4.0
72205;True;False;True;0.0;5;0.0
72289;False;False;False;1.0;9;0.0
73105;True;True;True;3.0;3;3.0
73117;True;True;False;4.0;3;0.0
73171;False;True;False;4.0;19;0.0
74002;True;False;True;1.0;11;0.0
74137;True;True;True;1.0;12;0.0
74224;False;False;True;8.0;20;1.0
74276;True;True;False;6.0;10;1.0
76219;False;False;True;3.0;11;0.0
76254;False;True;False;8.0;9;1.0
76255;False;False;False;13.0;15;1.0
76258;True;True;False;3.0;15;0.0
76276;False;True;False;3.0;20;0.0
76462;False;True;False;5.0;17;0.0
76711;False;False;False;6.0;16;2.0
77159;False;False;False;4.0;9;0.0
77316;True;True;False;25.0;34;4.0
77379;True;True;True;64.0;25;2.0
78062;True;False;True;6.0;9;0.0
78531;True;True;True;3.0;13;0.0
79195;False;False;False;6.0;18;0.0
79299;False;True;False;4.0;8;1.0
80182;False;True;False;2.0;13;0.0
81105;True;True;False;6.0;33;2.0
81219;False;True;False;5.0;17;0.0
81271;True;True;True;3.0;20;1.0
82013;True;True;False;8.0;24;1.0
82151;False;False;False;4.0;2;0.0
83072;True;True;False;9.0;21;0.0
83107;True;True;False;9.0;43;1.0
83116;True;True;True;10.0;39;3.0
84003;False;False;False;23.0;45;6.0
84069;False;True;False;3.0;8;0.0
84076;True;True;True;3.0;4;0.0
84088;True;True;False;27.0;28;5.0
84129;True;True;True;12.0;35;4.0
85128;True;True;False;11.0;38;0.0
85151;True;True;False;3.0;19;0.0
85154;False;False;False;7.0;6;0.0
86112;True;True;False;2.0;10;0.0
86165;False;True;False;15.0;37;4.0
86207;True;True;False;5.0;12;3.0
87059;False;True;False;7.0;8;1.0
87106;False;True;False;3.0;7;2.0
88078;False;True;False;3.0;11;1.0
88310;True;True;False;0.0;6;0.0
88351;False;True;False;18.0;13;1.0
89073;False;False;False;3.0;5;1.0
90053;True;True;True;1.0;9;0.0
91200;True;True;True;14.0;31;0.0
91232;False;False;True;3.0;14;0.0
97116;False;False;True;2.0;27;0.0
97130;False;False;False;2.0;8;0.0
97232;False;False;False;3.0;12;1.0
97405;True;True;True;11.0;27;0.0
97424;True;False;True;5.0;22;0.0
01303;True;True;True;2.0;14;0.0
02360;True;True;True;1.0;16;0.0
02543;False;False;False;2.0;10;0.0
02720;False;False;True;1.0;18;0.0
02789;True;True;False;7.0;13;1.0
04019;False;True;False;9.0;23;2.0
04166;False;False;False;15.0;13;1.0
05046;True;True;False;16.0;36;7.0
06136;True;True;False;19.0;17;1.0
07042;True;True;False;27.0;20;2.0
07181;True;True;False;4.0;7;0.0
07341;True;True;False;8.0;4;1.0
08185;False;False;False;1.0;13;0.0
08311;False;False;False;10.0;9;0.0
08328;False;False;False;1.0;16;0.0
09185;True;True;False;5.0;17;1.0
10401;False;True;False;4.0;10;0.0
11170;True;True;False;4.0;18;1.0
11203;False;False;False;4.0;39;1.0
11206;True;True;False;15.0;47;7.0
12224;False;True;False;9.0;11;1.0
13014;True;True;True;6.0;28;1.0
13050;True;True;False;17.0;24;3.0
13084;False;False;True;4.0;22;9.0
13110;False;False;True;5.0;24;0.0
14371;False;False;False;31.0;14;0.0
14689;False;False;False;3.0;22;0.0
14726;False;False;True;6.0;17;1.0
14754;False;False;False;6.0;16;2.0
15001;True;True;False;5.0;8;0.0
15083;True;True;False;1.0;7;0.0
15134;False;True;False;3.0;10;0.0
15140;True;True;True;1.0;6;0.0
15141;False;False;False;10.0;8;0.0
15153;False;True;False;4.0;12;0.0
15204;False;False;True;2.0;0;0.0
15258;True;True;False;11.0;18;0.0
16028;True;True;False;6.0;23;0.0
16408;False;True;False;5.0;5;0.0
17024;False;True;False;6.0;12;0.0
17127;True;True;True;2.0;8;0.0
17219;False;True;False;12.0;17;1.0
17236;True;True;False;2.0;13;0.0
17283;True;True;False;14.0;20;2.0
17284;False;True;False;4.0;11;0.0
18127;False;True;False;4.0;9;1.0
18141;False;True;False;7.0;20;0.0
18197;False;True;False;12.0;45;1.0
18207;False;True;False;4.0;15;1.0
18223;True;True;True;2.0;8;0.0
19028;False;True;False;3.0;16;0.0
19148;False;True;False;7.0;14;1.0
19276;False;True;False;13.0;16;4.0
21663;False;False;False;2.0;17;0.0
21710;False;True;False;10.0;7;1.0
22020;True;True;False;1.0;15;0.0
22032;True;True;False;3.0;5;0.0
22172;True;True;False;3.0;9;0.0
23030;False;False;False;6.0;16;1.0
23061;False;False;False;3.0;11;0.0
23075;False;True;False;3.0;15;0.0
24068;False;True;False;12.0;7;0.0
24167;False;True;False;6.0;8;0.0
24212;False;True;False;6.0;5;0.0
24223;True;True;False;9.0;24;2.0
24227;False;True;False;1.0;5;0.0
24311;False;True;False;5.0;14;1.0
24354;True;True;False;3.0;14;1.0
25156;False;False;True;2.0;9;0.0
25578;True;True;True;2.0;19;0.0
26074;True;True;False;4.0;15;0.0
26113;True;True;False;15.0;18;0.0
26333;True;True;False;7.0;19;0.0
27016;False;False;False;10.0;26;0.0
27022;False;False;True;5.0;16;0.0
27112;False;True;False;4.0;16;1.0
27226;False;False;False;2.0;14;0.0
27284;True;True;False;10.0;27;3.0
27413;True;True;False;1.0;6;0.0
27438;True;False;True;4.0;10;0.0
27469;False;False;False;6.0;15;1.0
27502;False;True;False;3.0;7;1.0
28089;False;True;False;1.0;12;0.0
29117;True;True;False;4.0;18;0.0
29124;True;True;False;4.0;35;2.0
29160;True;True;True;2.0;21;0.0
29178;True;True;False;4.0;20;1.0
29220;True;True;False;8.0;28;3.0
29259;True;True;False;21.0;20;1.0
29274;False;True;False;2.0;17;0.0
29277;True;True;False;4.0;8;0.0
29293;True;True;False;10.0;19;1.0
2A228;True;True;False;2.0;2;0.0
2A272;True;True;False;22.0;9;1.0
2B123;True;True;True;2.0;10;0.0
2B134;True;True;False;2.0;11;2.0
30003;True;True;False;11.0;19;3.0
30012;False;False;False;9.0;18;0.0
30227;True;True;False;2.0;16;2.0
30341;True;True;True;6.0;27;1.0
31020;False;True;False;2.0;10;1.0
31106;True;True;True;4.0;8;0.0
31232;True;True;False;6.0;19;0.0
31324;True;True;False;6.0;11;1.0
31396;True;True;False;4.0;13;0.0
31503;True;True;False;8.0;4;0.0
32106;False;True;False;3.0;7;0.0
32107;False;True;False;25.0;32;6.0
32208;False;True;False;21.0;19;5.0
32249;True;True;False;4.0;16;0.0
32252;False;True;False;0.0;11;1.0
32256;False;True;False;5.0;22;3.0
32285;False;True;False;3.0;6;1.0
32426;False;True;False;4.0;7;0.0
32459;False;True;False;2.0;6;1.0
33067;True;True;False;8.0;10;1.0
33081;True;True;False;9.0;13;1.0
33352;True;True;False;15.0;23;3.0
33366;True;True;True;4.0;25;0.0
34245;False;True;False;2.0;8;1.0
34293;False;False;False;3.0;12;1.0
35037;True;True;True;7.0;8;1.0
35049;True;True;False;5.0;11;2.0
35085;True;True;False;7.0;17;1.0
35093;True;True;False;12.0;23;6.0
35095;True;True;False;11.0;12;1.0
35125;True;True;False;13.0;13;0.0
35136;True;True;False;5.0;13;1.0
35207;True;True;True;4.0;17;0.0
35219;True;True;False;1.0;2;0.0
35222;True;True;False;1.0;6;0.0
35227;True;True;True;1.0;6;0.0
35228;True;True;False;4.0;11;0.0
35253;True;True;True;6.0;14;0.0
35308;True;True;True;4.0;10;1.0
35337;True;True;True;2.0;21;1.0
36208;False;True;False;5.0;8;2.0
36241;False;False;False;2.0;7;2.0
37115;False;False;False;9.0;20;0.0
37119;False;True;False;6.0;8;0.0
37132;False;True;False;32.0;19;1.0
37189;True;True;False;10.0;10;0.0
37196;False;True;False;97.0;12;2.0
38314;True;False;True;4.0;14;0.0
38416;False;False;False;6.0;16;1.0
38509;True;True;True;7.0;29;0.0
38548;True;True;False;3.0;15;2.0
39013;False;False;False;15.0;11;4.0
39016;False;True;False;5.0;10;0.0
40001;True;True;False;10.0;25;0.0
40282;True;True;False;13.0;15;0.0
41106;False;False;False;2.0;14;2.0
41198;False;True;False;16.0;16;0.0
41232;False;False;False;3.0;26;0.0
43012;True;True;False;5.0;22;0.0
43040;False;True;False;13.0;27;2.0
43080;False;True;False;8.0;10;2.0
43137;True;True;True;5.0;26;0.0
43177;True;True;False;2.0;12;0.0
43205;True;True;True;2.0;8;0.0
43224;True;True;True;2.0;12;1.0
43244;True;True;False;7.0;18;1.0
44043;True;True;True;14.0;30;2.0
44071;True;True;True;3.0;13;0.0
44129;True;True;True;3.0;37;1.0
44186;True;True;True;3.0;17;0.0
45146;False;False;False;6.0;18;2.0
45224;True;True;False;2.0;19;0.0
46029;False;False;False;2.0;8;0.0
46066;True;True;False;2.0;6;0.0
46128;False;True;False;6.0;15;0.0
46148;True;True;True;2.0;10;0.0
46182;False;True;False;11.0;14;0.0
47015;False;True;False;1.0;9;0.0
47175;True;True;False;8.0;16;0.0
47195;False;True;False;21.0;23;3.0
47210;False;False;False;3.0;6;1.0
48075;True;True;False;4.0;6;0.0
48156;False;True;False;1.0;3;0.0
49018;False;True;False;37.0;67;1.0
49125;True;True;False;15.0;37;0.0
50003;True;True;False;4.0;19;0.0
50074;True;True;False;2.0;18;0.0
50237;False;True;False;1.0;8;0.0
50412;False;False;False;6.0;9;0.0
50487;False;True;False;6.0;24;0.0
50539;True;True;False;2.0;14;0.0
50562;False;True;False;6.0;13;1.0
51250;True;True;False;2.0;18;0.0
51388;False;False;True;1.0;33;0.0
51423;False;False;False;2.0;13;0.0
51531;False;False;False;3.0;15;0.0
52064;False;True;False;7.0;9;0.0
52114;False;True;False;8.0;6;0.0
52177;False;True;False;4.0;10;0.0
52353;False;True;False;4.0;13;1.0
52444;False;False;False;2.0;5;0.0
53077;True;True;False;4.0;16;1.0
53127;False;True;False;5.0;9;1.0
53147;False;True;False;11.0;56;4.0
53185;False;True;False;1.0;12;0.0
53271;False;True;False;2.0;16;0.0
54039;False;False;False;4.0;12;0.0
54129;False;False;False;2.0;14;0.0
54397;False;False;True;1.0;14;1.0
54400;False;False;True;3.0;8;0.0
54563;False;False;False;4.0;5;1.0
55063;False;False;False;1.0;11;0.0
56010;False;True;False;10.0;20;0.0
56067;True;True;False;10.0;26;0.0
56117;True;True;True;5.0;28;0.0
56123;True;True;False;6.0;11;0.0
56152;False;True;False;12.0;12;4.0
57132;False;True;False;2.0;15;0.0
57177;False;False;False;3.0;25;0.0
58059;False;True;False;26.0;21;4.0
58149;True;True;False;2.0;11;3.0
59036;False;False;False;10.0;24;0.0
60103;False;False;False;3.0;12;0.0
60178;False;False;False;3.0;15;0.0
60245;False;False;False;1.0;11;0.0
60286;False;True;False;2.0;16;1.0
60333;False;False;True;1.0;4;0.0
60509;False;False;True;7.0;27;0.0
61145;False;True;False;12.0;11;1.0
61153;True;True;False;6.0;8;0.0
61293;False;True;False;22.0;10;1.0
61345;False;False;False;15.0;14;0.0
62048;False;False;True;8.0;36;0.0
62194;False;True;False;1.0;17;0.0
62894;False;False;False;8.0;9;0.0
63003;False;True;False;11.0;20;3.0
63004;True;True;False;4.0;6;0.0
63009;True;True;False;3.0;9;0.0
63038;False;True;False;13.0;25;2.0
63245;False;True;False;7.0;9;0.0
63283;False;True;False;2.0;10;1.0
63295;True;True;False;4.0;7;0.0
63305;False;True;False;1.0;5;0.0
63338;False;False;False;1.0;27;0.0
63352;True;True;False;1.0;8;2.0
64260;True;True;False;10.0;45;6.0
64513;False;True;False;7.0;11;0.0
65129;False;True;False;2.0;7;0.0
65388;False;False;False;2.0;11;0.0
66025;False;True;False;3.0;11;1.0
66088;True;True;False;14.0;14;3.0
66167;True;True;False;1.0;7;0.0
66187;False;True;False;4.0;12;0.0
67066;False;False;False;4.0;7;0.0
67222;False;True;False;3.0;7;0.0
67300;True;True;True;19.0;37;0.0
67388;True;True;False;6.0;9;0.0
67544;False;True;False;35.0;29;2.0
68004;False;False;False;17.0;21;2.0
69006;False;False;False;3.0;27;0.0
69201;True;True;False;1.0;9;1.0
70279;True;True;False;27.0;47;3.0
70311;False;True;False;25.0;25;4.0
70482;False;True;False;9.0;12;2.0
71176;False;False;False;3.0;28;3.0
71230;False;False;False;6.0;29;0.0
71263;True;True;False;10.0;29;3.0
72050;False;False;False;1.0;19;0.0
72168;False;False;False;2.0;16;1.0
72176;False;False;False;8.0;35;0.0
72269;False;True;False;6.0;26;1.0
72276;False;False;False;2.0;10;0.0
72329;True;False;True;1.0;14;0.0
72373;False;True;False;1.0;21;0.0
73054;False;False;False;10.0;32;3.0
73157;False;False;False;7.0;20;0.0
73181;False;False;False;8.0;4;3.0
73204;True;True;False;4.0;2;0.0
73215;True;True;False;1.0;14;0.0
73248;False;False;False;10.0;18;1.0
74043;True;True;True;1.0;6;0.0
74096;True;True;True;5.0;10;0.0
74123;False;False;False;7.0;20;0.0
74280;True;False;True;5.0;21;3.0
74282;True;True;True;8.0;24;1.0
76222;False;False;False;3.0;17;0.0
76495;False;False;True;2.0;23;0.0
76709;False;False;False;4.0;12;0.0
77142;True;True;True;6.0;14;1.0
77182;True;True;False;2.0;16;0.0
77183;False;False;True;1.0;26;2.0
77385;True;True;False;1.0;6;0.0
78003;True;True;True;3.0;10;0.0
78255;False;False;True;1.0;7;0.0
79057;False;True;False;1.0;13;1.0
79101;False;True;False;5.0;11;0.0
79170;True;True;False;1.0;15;1.0
79270;True;True;False;6.0;38;1.0
80013;False;False;False;4.0;8;0.0
80186;False;False;True;5.0;13;2.0
80211;True;True;False;5.0;12;0.0
80253;False;False;False;13.0;30;0.0
80585;False;True;False;1.0;11;0.0
81192;True;True;False;1.0;3;0.0
82037;False;True;False;10.0;38;1.0
82038;True;True;False;10.0;4;0.0
82042;True;True;False;2.0;6;0.0
83007;True;True;False;6.0;10;0.0
83016;True;True;False;2.0;16;0.0
83086;True;True;True;3.0;23;0.0
84123;False;True;False;4.0;10;1.0
85020;True;True;False;3.0;14;0.0
85051;True;True;True;6.0;29;0.0
85070;True;True;False;1.0;9;0.0
85222;True;True;False;5.0;28;2.0
86140;False;True;False;7.0;8;0.0
86160;False;True;False;9.0;10;1.0
87032;True;True;False;6.0;7;0.0
87041;False;True;False;8.0;6;0.0
87154;True;True;False;10.0;33;6.0
88090;False;False;False;3.0;17;1.0
88349;False;False;False;1.0;4;0.0
88367;False;False;False;11.0;17;0.0
88530;False;True;False;1.0;23;1.0
89025;False;False;False;18.0;29;1.0
89368;True;True;False;5.0;9;3.0
89419;False;True;False;4.0;17;0.0
90052;False;True;False;3.0;16;1.0
91111;False;False;True;3.0;12;0.0
97117;True;True;True;8.0;39;4.0
97227;False;False;True;3.0;20;0.0
97228;False;False;False;3.0;34;0.0
97353;False;False;True;3.0;7;0.0
97362;False;False;True;1.0;2;1.0
97404;False;False;True;2.0;46;0.0
97419;False;False;True;4.0;23;0.0
97423;False;False;True;1.0;28;1.0
01143;True;True;True;3.0;30;1.0
01173;True;True;True;4.0;18;2.0
01388;True;True;False;6.0;8;0.0
02018;True;True;True;1.0;18;0.0
02095;True;True;False;4.0;19;0.0
02334;False;False;True;2.0;12;0.0
02558;False;False;False;1.0;16;0.0
02666;False;True;False;2.0;6;0.0
03084;False;True;False;1.0;13;2.0
03102;False;True;False;4.0;15;2.0
03186;True;True;False;1.0;9;1.0
03236;False;False;False;2.0;15;1.0
03254;False;True;False;6.0;16;0.0
03292;False;True;False;2.0;4;2.0
04008;False;False;False;4.0;9;0.0
04173;True;True;False;1.0;19;0.0
04205;True;True;False;4.0;13;1.0
05040;True;True;True;3.0;33;1.0
05170;True;True;False;4.0;19;0.0
06099;False;True;False;2.0;10;2.0
07346;False;True;False;16.0;7;0.0
08025;False;False;False;3.0;3;0.0
08090;False;True;False;4.0;13;1.0
08190;False;False;False;10.0;31;0.0
08302;False;False;False;3.0;13;0.0
08367;False;False;False;3.0;9;0.0
09032;True;True;False;4.0;17;2.0
09160;False;True;False;4.0;23;0.0
09194;False;True;False;61.0;12;2.0
09261;False;True;False;6.0;24;4.0
09282;True;True;False;3.0;13;1.0
10420;False;True;False;4.0;8;0.0
12056;True;False;True;2.0;17;1.0
12119;False;True;False;6.0;9;0.0
12169;True;True;False;2.0;16;0.0
13027;True;True;True;5.0;32;1.0
13078;False;False;True;6.0;24;0.0
14100;True;True;False;5.0;12;0.0
14257;True;True;False;2.0;7;0.0
14258;False;False;False;28.0;34;2.0
14370;True;True;False;4.0;7;0.0
14384;True;True;False;3.0;14;1.0
14488;True;True;False;6.0;32;1.0
14516;True;True;False;2.0;8;0.0
14658;False;False;False;7.0;17;0.0
15054;False;True;False;2.0;7;0.0
15094;False;True;False;6.0;2;1.0
15122;False;True;False;2.0;11;0.0
15152;True;True;False;2.0;10;0.0
15162;False;True;False;5.0;11;0.0
15221;True;False;True;2.0;4;0.0
15255;True;True;True;2.0;5;0.0
16090;True;True;False;4.0;12;0.0
16167;True;True;False;9.0;14;1.0
17218;False;True;False;5.0;21;0.0
17241;False;True;False;5.0;7;0.0
17309;False;True;False;1.0;11;0.0
17385;False;True;False;11.0;18;2.0
17434;True;True;False;8.0;18;4.0
18015;False;True;False;16.0;20;1.0
18109;False;True;False;3.0;11;0.0
19010;False;True;False;7.0;16;0.0
19019;False;True;False;20.0;7;0.0
19023;False;True;False;2.0;13;0.0
19073;True;True;False;10.0;32;0.0
19269;False;True;False;11.0;10;1.0
19275;False;False;False;12.0;36;1.0
21023;False;True;False;9.0;8;0.0
21038;False;True;False;13.0;30;0.0
21317;False;False;False;3.0;22;0.0
21584;False;True;False;11.0;13;1.0
22203;True;True;False;4.0;21;2.0
22206;True;True;False;5.0;10;1.0
22266;True;True;False;6.0;21;4.0
23021;False;True;False;4.0;6;0.0
23067;True;True;False;2.0;12;0.0
23093;False;True;False;4.0;7;0.0
23247;False;True;False;2.0;21;0.0
24035;False;True;False;11.0;8;1.0
24064;False;True;False;27.0;11;0.0
24299;True;True;False;4.0;10;0.0
24352;False;True;False;6.0;24;2.0
24376;False;True;False;3.0;11;0.0
24547;True;True;False;13.0;33;1.0
24550;True;True;False;1.0;9;0.0
25259;False;False;True;1.0;11;0.0
25463;False;False;False;2.0;21;0.0
26108;True;True;False;11.0;21;1.0
26220;True;True;False;5.0;16;3.0
26301;True;True;False;5.0;15;1.0
27049;False;False;False;11.0;20;0.0
27065;True;True;False;1.0;14;0.0
27165;False;True;False;6.0;16;1.0
27170;True;True;False;0.0;10;1.0
27230;True;True;True;2.0;10;0.0
27428;True;True;False;6.0;21;0.0
27467;False;False;False;15.0;38;2.0
28140;True;False;True;8.0;14;0.0
28373;False;True;False;6.0;10;0.0
28393;False;False;True;2.0;11;0.0
29026;False;True;False;4.0;39;0.0
29027;False;True;False;2.0;15;1.0
29042;False;True;False;9.0;34;3.0
29055;True;True;True;4.0;6;0.0
29081;False;True;False;8.0;9;0.0
29103;True;True;False;19.0;41;3.0
29210;True;True;False;4.0;12;0.0
29241;False;True;False;4.0;22;1.0
2B298;True;True;False;6.0;9;1.0
30062;True;True;True;5.0;11;0.0
30202;True;True;False;22.0;20;5.0
30221;True;True;True;6.0;15;1.0
30258;True;True;True;21.0;25;1.0
30269;False;True;False;7.0;18;0.0
31080;True;True;False;5.0;10;0.0
31098;True;True;False;2.0;14;0.0
31135;False;True;False;4.0;17;1.0
31202;True;True;True;3.0;25;1.0
32096;True;True;False;4.0;19;0.0
32242;True;True;False;3.0;21;0.0
32370;True;True;False;2.0;10;0.0
33058;True;True;False;7.0;17;2.0
33138;True;True;False;3.0;14;0.0
33314;True;True;False;4.0;23;2.0
34028;False;True;False;7.0;25;1.0
34143;True;True;True;8.0;11;0.0
35162;False;True;False;2.0;9;1.0
35177;True;False;True;3.0;5;1.0
35251;True;True;True;1.0;13;1.0
36018;False;True;False;12.0;49;2.0
36192;False;True;False;2.0;14;0.0
37027;False;True;False;5.0;22;0.0
37062;False;True;False;2.0;11;1.0
38315;False;True;False;2.0;20;0.0
38412;False;True;False;5.0;12;1.0
39434;False;True;False;21.0;17;1.0
40117;False;False;False;3.0;14;0.0
40201;False;True;False;2.0;10;1.0
41149;False;True;False;10.0;16;2.0
41154;False;True;False;2.0;8;0.0
42019;False;False;False;3.0;16;1.0
42023;True;True;False;4.0;10;0.0
42059;True;True;False;4.0;17;0.0
42094;True;True;False;11.0;24;1.0
42168;False;True;False;4.0;17;1.0
42230;False;True;False;8.0;7;0.0
42249;False;True;False;1.0;6;0.0
43016;True;True;False;6.0;4;0.0
43042;False;True;False;8.0;6;0.0
43087;False;False;False;5.0;9;0.0
43148;False;True;False;2.0;6;0.0
43154;False;True;False;13.0;6;0.0
43162;True;True;False;7.0;13;1.0
44003;True;True;True;8.0;62;4.0
44069;False;True;False;19.0;43;2.0
44110;True;True;True;2.0;26;3.0
44131;True;True;False;8.0;45;2.0
44154;True;True;False;13.0;43;1.0
44188;True;True;True;4.0;27;0.0
45085;False;True;False;8.0;14;0.0
45191;False;False;True;9.0;19;0.0
45248;True;True;False;2.0;11;0.0
46127;False;True;False;9.0;18;0.0
46143;False;True;False;2.0;11;0.0
46297;False;True;False;5.0;8;1.0
47057;False;True;False;3.0;9;0.0
47252;True;True;False;8.0;12;1.0
47324;True;True;False;3.0;4;1.0
48034;True;True;False;9.0;10;0.0
48038;True;True;True;3.0;4;0.0
48146;False;False;False;13.0;13;1.0
49127;False;False;False;6.0;20;1.0
50025;True;True;False;13.0;47;0.0
50341;False;True;False;3.0;6;0.0
50394;False;True;False;2.0;9;0.0
50410;False;True;False;6.0;18;1.0
50484;False;True;False;4.0;26;1.0
50565;True;True;False;2.0;12;0.0
50582;False;True;False;1.0;12;0.0
50591;False;True;False;2.0;5;0.0
50615;True;True;False;19.0;17;0.0
51217;False;True;False;4.0;22;1.0
51248;False;True;False;3.0;12;0.0
51380;False;True;False;6.0;20;1.0
51535;False;True;False;7.0;20;1.0
52017;False;True;False;6.0;8;0.0
52060;False;True;False;7.0;13;0.0
52093;False;True;False;4.0;11;0.0
52211;False;False;False;2.0;8;0.0
52250;False;False;False;12.0;21;0.0
52331;False;True;False;6.0;12;2.0
52550;False;True;False;1.0;13;0.0
53097;False;True;False;12.0;43;1.0
53182;False;True;False;1.0;9;0.0
54076;False;False;False;2.0;11;0.0
54099;False;False;False;6.0;54;1.0
54273;False;True;False;4.0;27;0.0
54280;True;True;False;3.0;19;0.0
54431;False;False;True;59.0;63;4.0
55291;False;False;False;8.0;11;0.0
56007;True;True;False;30.0;39;4.0
56061;True;True;False;7.0;31;2.0
56066;False;True;False;10.0;25;0.0
56083;True;True;False;23.0;50;1.0
56147;True;True;False;3.0;19;0.0
56195;True;True;False;4.0;5;2.0
57106;False;True;False;2.0;19;0.0
58079;False;False;False;20.0;23;2.0
58131;True;True;False;4.0;9;0.0
58232;False;True;False;2.0;7;0.0
58250;False;False;False;1.0;7;0.0
59008;False;False;True;2.0;23;0.0
59139;False;False;False;7.0;30;0.0
59574;False;False;True;5.0;28;0.0
60029;False;False;True;3.0;10;0.0
60439;True;False;True;3.0;18;0.0
61007;False;True;False;11.0;16;0.0
61074;False;True;False;4.0;5;0.0
61494;False;True;False;1.0;7;0.0
62014;False;False;False;28.0;18;0.0
62060;False;False;False;3.0;14;0.0
62080;False;True;False;2.0;13;0.0
62215;True;True;True;6.0;38;1.0
62560;False;True;False;2.0;21;0.0
62563;True;False;True;8.0;19;0.0
62667;False;False;True;4.0;15;0.0
63001;True;True;False;8.0;7;0.0
63050;True;True;False;1.0;17;1.0
63080;True;True;False;6.0;5;1.0
63195;True;True;False;12.0;10;1.0
63210;True;True;False;7.0;16;0.0
63470;True;True;True;6.0;20;1.0
64256;True;True;True;5.0;31;0.0
64320;True;True;False;4.0;15;0.0
64422;False;True;False;13.0;56;4.0
64499;False;True;False;11.0;23;1.0
65138;False;False;False;7.0;11;1.0
65287;True;True;False;1.0;5;0.0
65447;False;False;True;1.0;8;0.0
65460;False;True;False;3.0;28;0.0
66009;True;True;False;9.0;15;0.0
66149;True;True;False;5.0;28;3.0
66230;True;True;False;5.0;9;1.0
67105;False;True;False;2.0;7;0.0
67282;False;True;False;2.0;10;1.0
67313;True;True;True;10.0;10;2.0
69171;True;True;True;4.0;11;1.0
69248;False;False;False;9.0;26;1.0
69289;True;False;True;2.0;8;0.0
70198;False;True;False;2.0;12;0.0
70310;False;False;False;5.0;27;3.0
71310;False;True;False;1.0;16;0.0
71350;False;False;True;1.0;3;0.0
71512;False;False;False;7.0;17;0.0
72029;True;True;False;4.0;12;0.0
72042;True;True;False;3.0;7;0.0
72068;False;True;False;1.0;13;0.0
72090;False;True;False;3.0;6;1.0
72138;False;True;False;7.0;18;0.0
72191;False;True;False;2.0;20;0.0
72231;True;True;True;3.0;19;0.0
72241;False;False;False;4.0;11;1.0
73011;True;True;True;20.0;39;7.0
74042;True;False;True;6.0;19;1.0
74164;False;False;True;1.0;11;0.0
74241;True;True;True;1.0;8;0.0
74311;True;True;True;3.0;6;0.0
76034;False;False;True;2.0;8;0.0
76035;False;False;False;5.0;8;0.0
76057;False;False;True;6.0;24;0.0
76655;False;False;False;7.0;17;0.0
76700;False;False;True;1.0;7;0.0
76752;True;True;False;0.0;13;0.0
77051;True;True;False;8.0;8;0.0
77053;True;True;True;6.0;34;0.0
77079;True;True;True;5.0;14;0.0
77100;False;False;False;4.0;16;0.0
77296;True;False;True;5.0;28;0.0
77458;False;False;True;4.0;13;0.0
78089;True;True;True;4.0;14;0.0
78217;True;False;True;5.0;12;0.0
78402;True;True;True;2.0;8;0.0
78537;False;False;True;7.0;18;0.0
79005;False;True;False;6.0;15;2.0
79079;True;False;True;17.0;32;0.0
79083;False;True;False;7.0;17;0.0
79179;True;True;False;4.0;29;1.0
80212;False;True;False;6.0;22;1.0
80368;False;False;False;2.0;13;0.0
80410;False;False;False;4.0;22;0.0
80630;False;True;False;3.0;17;1.0
80680;False;False;True;1.0;7;0.0
80688;False;True;False;8.0;12;0.0
80721;False;True;False;7.0;8;1.0
81124;False;True;False;6.0;17;0.0
81145;True;True;False;9.0;11;2.0
82094;False;True;False;7.0;13;1.0
82117;False;True;False;3.0;9;0.0
82186;False;True;False;5.0;31;0.0
83004;True;True;True;1.0;23;2.0
83121;False;True;False;6.0;13;0.0
84004;True;True;True;3.0;8;1.0
84137;False;True;False;21.0;24;8.0
85003;True;True;True;4.0;22;0.0
85018;False;True;False;2.0;15;0.0
85109;True;True;False;13.0;46;0.0
85113;True;True;False;13.0;14;3.0
85135;False;True;False;3.0;12;0.0
85156;True;True;False;3.0;8;0.0
85182;True;True;False;10.0;26;0.0
85226;True;True;False;4.0;27;1.0
86103;False;True;False;5.0;15;0.0
86128;True;True;False;5.0;10;0.0
86139;False;True;False;7.0;14;1.0
87126;False;True;False;8.0;12;1.0
87187;True;True;False;13.0;26;2.0
88258;False;False;False;4.0;5;0.0
88383;False;True;False;16.0;31;0.0
89086;False;True;False;7.0;21;0.0
89125;False;True;False;1.0;6;0.0
89206;False;False;False;26.0;38;1.0
89345;False;False;False;3.0;14;1.0
90009;False;True;False;3.0;18;0.0
90033;False;False;True;7.0;20;1.0
91045;True;True;True;3.0;15;0.0
91338;False;False;True;3.0;24;1.0
95351;True;True;True;6.0;18;0.0
95355;True;True;True;8.0;13;1.0
95370;False;False;False;4.0;15;0.0
97128;False;False;True;2.0;36;1.0
97131;False;False;False;3.0;9;0.0
97220;False;False;False;3.0;18;0.0
97223;True;True;False;3.0;16;0.0
97230;False;False;True;7.0;42;0.0
97231;False;False;True;7.0;24;0.0
97308;True;False;True;1.0;16;0.0
97402;True;False;True;3.0;40;0.0
97417;False;False;True;6.0;15;1.0
97421;False;False;True;9.0;27;0.0
