Code;Libellé;Taux d'équipements socio-culturels pour 10 000 habitants 2023;Taux d'équipements sportifs pour 1 000 habitants 2023;Nombre d'équipements sportifs 2023;Nombre d'équipements socio-culturels 2023;Nombre de licenciés sportifs pour 100 habitants 2021
01033;Valserhône;4.3;3.0;50.0;7.0;17.2
01202;Lagnieu;1.4;2.6;19.0;1.0;20.8
01265;Montréal-la-Cluse;2.9;3.7;13.0;1.0;20.6
01266;Montrevel-en-Bresse;3.9;4.7;12.0;1.0;20.8
01306;Pont-de-Veyle;6.1;6.7;11.0;1.0;18.4
02173;Chauny;4.4;4.2;48.0;5.0;15.2
02305;Fère-en-Tardenois;3.4;5.4;16.0;1.0;14.1
02307;La Ferté-Milon;14.6;5.8;12.0;3.0;16.4
02381;Hirson;4.6;4.4;38.0;4.0;10.0
02468;Marle;4.5;5.0;11.0;1.0;11.8
02676;Saint-Erme-Outre-et-Ramecourt;5.8;2.3;4.0;1.0;12.4
03118;Gannat;8.6;3.6;21.0;5.0;20.2
03138;Lapalisse;15.9;4.8;15.0;5.0;19.2
03195;Néris-les-Bains;7.7;5.4;14.0;2.0;23.2
04039;Castellane;6.8;7.5;11.0;1.0;14.6
04049;Château-Arnoux-Saint-Auban;5.9;5.3;27.0;3.0;19.3
05006;L'Argentière-la-Bessée;8.9;8.0;18.0;2.0;30.9
05065;Guillestre;8.7;8.3;19.0;2.0;38.8
05179;Veynes;6.2;10.2;33.0;2.0;24.8
06130;Saint-Vallier-de-Thiey;2.7;3.3;12.0;1.0;21.7
06163;Tende;9.3;5.6;12.0;2.0;6.1
07201;Ruoms;8.8;3.1;7.0;2.0;18.9
07204;Saint-Agrève;4.3;3.0;7.0;1.0;16.2
07324;Tournon-sur-Rhône;2.8;1.2;13.0;3.0;26.5
07330;Vallon-Pont-d'Arc;4.1;4.5;11.0;1.0;22.0
07334;Les Vans;11.3;3.4;9.0;3.0;17.1
08363;Revin;3.4;4.1;24.0;2.0;11.6
08420;Signy-le-Petit;8.4;5.1;6.0;1.0;17.9
08490;Vouziers;4.8;5.8;24.0;2.0;14.9
09167;Lézat-sur-Lèze;4.2;3.0;7.0;1.0;22.5
09306;Tarascon-sur-Ariège;6.6;3.7;11.0;2.0;17.9
10003;Aix-Villemaur-Pâlis;2.8;5.1;18.0;1.0;8.4
10006;Arcis-sur-Aube;7.2;6.1;17.0;2.0;14.9
10033;Bar-sur-Aube;10.5;5.9;28.0;5.0;13.3
10268;Nogent-sur-Seine;5.0;4.4;26.0;3.0;16.6
11076;Castelnaudary;4.0;4.6;57.0;5.0;19.1
11091;Chalabre;8.8;7.0;8.0;1.0;18.4
11129;Espéraza;5.8;5.3;9.0;1.0;14.7
12052;Capdenac-Gare;6.8;2.3;10.0;3.0;20.9
12120;Laissac-Sévérac l'Église;9.3;5.1;11.0;2.0;28.7
12197;Réquista;10.1;7.6;15.0;2.0;18.8
12208;Saint-Affrique;3.7;4.6;37.0;3.0;24.3
12209;Saint-Amans-des-Cots;13.4;6.7;5.0;1.0;36.9
12270;Sévérac d'Aveyron;12.3;4.4;18.0;5.0;22.5
13100;Saint-Rémy-de-Provence;9.3;3.0;29.0;9.0;22.5
13105;Sénas;1.5;2.3;16.0;1.0;19.7
14174;Condé-en-Normandie;3.2;2.4;15.0;2.0;14.4
14200;Creully sur Seulles;8.8;5.3;12.0;2.0;49.4
14228;Douvres-la-Délivrande;2.0;4.1;21.0;1.0;28.4
14514;Pont-l'Évêque;4.2;4.2;20.0;2.0;26.5
14764;Pont-d'Ouilly;10.4;9.4;9.0;1.0;19.5
15119;Massiac;5.6;5.6;10.0;1.0;22.4
15187;Saint-Flour;9.3;4.3;28.0;6.0;28.0
15265;Ydes;12.3;6.1;10.0;2.0;22.6
15267;Ytrac;2.3;2.8;12.0;1.0;26.9
15268;Le Rouget-Pers;7.9;4.7;6.0;1.0;15.9
17172;Gémozac;3.4;4.4;13.0;1.0;17.7
17197;Jonzac;11.3;8.2;29.0;4.0;23.1
17347;Saint-Jean-d'Angély;5.9;4.9;33.0;4.0;18.1
17387;Saint-Porchaire;10.4;6.2;12.0;2.0;19.9
18058;Châteauneuf-sur-Cher;7.0;5.6;8.0;1.0;15.2
18233;Saint-Satur;7.2;6.4;9.0;1.0;17.1
21292;Genlis;3.9;3.1;16.0;2.0;18.8
21554;Saint-Jean-de-Losne;0.0;4.8;5.0;0.0;5.8
21603;Semur-en-Auxois;7.3;7.5;31.0;3.0;23.3
22025;Callac;9.0;6.7;15.0;2.0;14.9
22070;Guingamp;5.6;3.1;22.0;4.0;19.7
22093;Lamballe-Armor;4.8;5.0;83.0;8.0;25.0
22162;Paimpol;2.8;4.6;33.0;2.0;21.9
22183;Plémet;2.7;3.8;14.0;1.0;15.5
22194;Plestin-les-Grèves;5.5;4.7;17.0;2.0;19.2
23031;Boussac;8.0;7.2;9.0;1.0;16.8
23069;Crocq;24.8;19.8;8.0;1.0;31.4
23070;Crozant;45.8;4.6;2.0;2.0;7.8
23100;Jarnages;23.0;13.8;6.0;1.0;26.1
23131;Mérinchal;14.7;5.9;4.0;1.0;18.3
24551;Thiviers;7.0;4.2;12.0;2.0;16.9
25022;Arcey;6.8;6.1;9.0;1.0;17.2
25334;Levier;4.4;6.6;15.0;1.0;22.6
25434;Ornans;9.0;4.3;19.0;4.0;20.1
25505;Rougemont;0.0;4.9;5.0;0.0;25.0
25512;Le Russey;4.1;4.9;12.0;1.0;25.8
26095;Cléon-d'Andran;10.4;10.4;10.0;1.0;34.7
26165;Livron-sur-Drôme;1.1;1.7;16.0;1.0;23.9
26307;Saint-Jean-en-Royans;3.6;4.6;13.0;1.0;15.8
27116;Brionne;2.4;3.8;16.0;1.0;13.0
27151;Charleval;5.9;1.8;3.0;1.0;28.0
27246;Fleury-sur-Andelle;5.5;7.7;14.0;1.0;17.7
27355;Ivry-la-Bataille;3.8;3.0;8.0;1.0;12.1
27377;Lyons-la-Forêt;14.1;5.6;4.0;1.0;12.0
27493;Romilly-sur-Andelle;3.1;3.7;12.0;1.0;20.3
28196;Illiers-Combray;12.4;4.9;16.0;4.0;15.1
28214;La Loupe;6.0;3.6;12.0;2.0;11.7
28391;Toury;3.9;4.7;12.0;1.0;19.0
29024;Carhaix-Plouguer;2.8;4.6;33.0;2.0;18.6
29039;Concarneau;2.5;2.4;48.0;5.0;26.4
29043;Daoulas;5.5;3.8;7.0;1.0;31.6
29053;Le Faou;5.6;3.9;7.0;1.0;22.6
29072;Guilvinec;3.7;3.7;10.0;1.0;14.1
29105;Landivisiau;2.2;3.7;34.0;2.0;26.9
29162;Pleyben;2.8;6.1;22.0;1.0;25.2
29217;Pont-Aven;7.1;4.9;14.0;2.0;17.3
29284;Treffiagat;4.1;2.9;7.0;1.0;17.2
2A247;Porto-Vecchio;1.8;2.0;22.0;2.0;24.2
2B152;Luri;0.0;5.9;5.0;0.0;15.8
30032;Beaucaire;3.2;2.3;36.0;5.0;19.9
30133;Le Grau-du-Roi;3.6;3.5;29.0;3.0;17.5
30210;Quissac;3.0;3.9;13.0;1.0;18.2
30321;Sommières;4.0;3.2;16.0;2.0;14.8
31454;Rieumes;2.7;2.2;8.0;1.0;20.0
32132;Fleurance;3.4;3.1;18.0;2.0;21.6
32147;Gimont;3.3;7.6;23.0;1.0;20.6
32344;Riscle;5.7;11.4;20.0;1.0;24.1
33389;Saint-Ciers-sur-Gironde;6.6;3.0;9.0;2.0;14.4
33402;Sainte-Foy-la-Grande;7.5;1.5;4.0;2.0;18.7
34081;Colombiers;3.7;2.2;6.0;1.0;16.9
34114;Gignac;3.0;3.0;20.0;2.0;18.8
34150;Marseillan;2.6;2.2;17.0;2.0;14.8
34189;Olonzac;0.0;7.7;13.0;0.0;15.0
34239;Saint-André-de-Sangonis;1.6;1.9;12.0;1.0;16.7
34284;Saint-Pons-de-Thomières;17.2;10.3;18.0;3.0;14.2
35004;Val-Couesnon;7.3;2.7;11.0;3.0;15.2
35012;Bain-de-Bretagne;2.7;1.6;12.0;2.0;30.4
35069;Châteaugiron;3.8;2.0;21.0;4.0;39.0
35239;Retiers;4.4;2.2;10.0;2.0;25.8
35257;Maen Roch;2.0;2.0;10.0;1.0;24.2
36031;Buzançais;4.4;5.1;23.0;2.0;16.1
36034;Chabris;3.6;5.4;15.0;1.0;13.8
36063;Déols;1.3;4.0;31.0;1.0;16.7
36230;Vatan;5.2;4.7;9.0;1.0;20.8
37091;La Croix-en-Touraine;8.3;2.9;7.0;2.0;26.2
37123;Langeais;4.6;4.8;21.0;2.0;18.0
37130;Ligueil;9.5;4.7;10.0;2.0;16.3
37226;Sainte-Maure-de-Touraine;7.2;3.6;15.0;3.0;17.2
38034;Beaurepaire;4.0;2.4;12.0;2.0;14.0
38087;Chasse-sur-Rhône;1.6;1.9;12.0;1.0;35.6
39333;Moirans-en-Montagne;14.1;6.6;14.0;3.0;21.7
39500;Salins-les-Bains;11.9;5.9;15.0;3.0;26.6
40002;Amou;6.4;7.7;12.0;1.0;19.8
40102;Gabarret;7.8;10.2;13.0;1.0;22.0
40119;Hagetmau;4.3;3.9;18.0;2.0;26.2
40194;Montfort-en-Chalosse;8.4;5.9;7.0;1.0;31.3
40331;Villeneuve-de-Marsan;4.1;2.9;7.0;1.0;21.6
41123;Marchenoir;0.0;5.9;4.0;0.0;11.2
41143;Mondoubleau;7.6;9.2;12.0;1.0;13.3
41167;Veuzain-sur-Loire;2.9;2.9;10.0;1.0;18.8
41171;Oucques La Nouvelle;5.9;4.1;7.0;1.0;20.5
41269;Vendôme;5.1;2.7;43.0;8.0;18.2
42052;Charlieu;10.8;4.6;17.0;4.0;33.0
42181;Régny;6.7;3.4;5.0;1.0;17.0
42289;Saint-Symphorien-de-Lay;5.2;2.6;5.0;1.0;13.5
43003;Allègre;11.5;8.0;7.0;1.0;34.9
43141;Montfaucon-en-Velay;8.7;6.1;7.0;1.0;22.0
43234;Saugues;5.9;10.0;17.0;1.0;19.3
43268;Yssingeaux;2.7;4.2;31.0;2.0;23.1
44084;Le Loroux-Bottereau;2.3;1.9;16.0;2.0;30.1
44116;Paimbœuf;3.3;5.3;16.0;1.0;17.2
45053;Briare;5.8;3.3;17.0;3.0;16.7
45082;Châteauneuf-sur-Loire;2.4;1.9;16.0;2.0;23.9
45145;Ferrières-en-Gâtinais;2.7;3.0;11.0;1.0;18.2
46038;Bretenoux;0.0;4.4;6.0;0.0;21.8
46045;Cajarc;17.9;11.6;13.0;2.0;33.5
46063;Castelnau-Montratier;5.4;7.1;13.0;1.0;19.3
46251;Saint-Céré;8.8;3.8;13.0;3.0;24.8
47143;Lavardac;4.4;3.5;8.0;1.0;20.1
47179;Monsempron-Libos;9.7;1.9;4.0;2.0;12.5
48096;Meyrueis;12.6;16.4;13.0;1.0;34.4
49063;Chalonnes-sur-Loire;3.1;4.0;26.0;2.0;29.5
49080;Les Hauts-d'Anjou;8.0;4.8;42.0;7.0;20.6
49244;Mauges-sur-Loire;8.8;5.4;98.0;16.0;27.8
49331;Segré-en-Anjou Bleu;7.4;4.6;81.0;13.0;29.5
50041;La Hague;14.2;5.5;62.0;16.0;30.1
50076;Bréhal;2.9;3.5;12.0;1.0;30.3
50082;Bricquebec-en-Cotentin;5.1;2.7;16.0;3.0;16.5
50099;Carentan-les-Marais;2.0;2.8;29.0;2.0;18.9
50197;Gavray-sur-Sienne;0.0;4.5;9.0;0.0;14.5
50218;Granville;6.4;2.2;27.0;8.0;24.2
50292;Marigny-Le-Lozon;3.7;3.3;9.0;1.0;26.6
50400;Picauville;3.1;2.8;9.0;1.0;14.0
50551;Saint-Sauveur-le-Vicomte;14.5;4.3;9.0;3.0;17.0
50601;Torigny-les-Villes;4.5;3.2;14.0;2.0;22.7
50639;Villedieu-les-Poêles-Rouffigny;7.8;3.9;15.0;3.0;16.1
52008;Andelot-Blancheville;11.5;4.6;4.0;1.0;15.3
52058;Bologne;5.5;6.0;11.0;1.0;25.7
52197;Fayl-Billot;7.8;8.6;11.0;1.0;14.4
52247;Illoud;0.0;19.6;4.0;0.0;17.3
52405;Le Montsaugeonnais;17.4;10.4;12.0;2.0;17.0
53062;Château-Gontier-sur-Mayenne;5.3;3.5;59.0;9.0;24.8
53152;Meslay-du-Maine;3.6;7.2;20.0;1.0;29.7
55122;Commercy;9.3;4.5;24.0;5.0;28.0
55181;Étain;2.9;4.6;16.0;1.0;18.8
55351;Montmédy;14.7;2.9;6.0;3.0;18.7
55533;Vaucouleurs;10.4;6.2;12.0;2.0;31.5
56091;Josselin;8.0;8.0;20.0;2.0;21.7
56169;Plouhinec;3.7;4.7;25.0;2.0;20.9
56184;Questembert;2.5;3.1;25.0;2.0;26.9
56186;Quiberon;4.3;9.0;42.0;2.0;24.6
56240;Sarzeau;1.1;3.8;34.0;1.0;24.8
57089;Bitche;4.0;7.9;39.0;2.0;22.1
57097;Boulay-Moselle;1.8;4.3;24.0;1.0;17.1
57332;Hombourg-Haut;0.0;4.5;28.0;0.0;14.8
57483;Morhange;2.9;7.7;26.0;1.0;12.8
57650;Sierck-les-Bains;5.6;5.1;9.0;1.0;27.6
58065;Châtillon-en-Bazois;21.9;6.6;6.0;2.0;18.4
58145;Lormes;7.9;3.9;5.0;1.0;15.3
58151;La Machine;6.2;2.8;9.0;2.0;13.9
58182;Moulins-Engilbert;14.1;3.5;5.0;2.0;17.0
58304;Varzy;19.0;3.8;4.0;2.0;14.9
59249;Fourmies;4.4;1.8;21.0;5.0;13.8
59571;Solesmes;2.3;2.3;10.0;1.0;16.5
60395;Méru;2.1;2.2;32.0;3.0;15.7
60577;Saint-Germer-de-Fly;5.9;5.3;9.0;1.0;11.2
61038;Bellême;6.9;8.2;12.0;1.0;18.0
61181;Gacé;11.1;5.6;10.0;2.0;21.6
61214;L'Aigle;5.1;3.5;28.0;4.0;18.8
62364;Fruges;4.3;4.7;11.0;1.0;19.9
62397;Guînes;1.8;2.5;14.0;1.0;19.4
63040;Billom;4.2;3.5;17.0;2.0;18.4
63132;Cunlhat;15.2;5.3;7.0;2.0;19.1
64062;Arudy;13.3;7.5;17.0;3.0;25.6
64063;Arzacq-Arraziguet;9.5;7.6;8.0;1.0;40.2
64233;Garlin;14.8;8.1;11.0;2.0;27.4
64331;Lembeye;13.0;11.7;9.0;1.0;52.5
64405;Morlaàs;2.3;7.4;32.0;1.0;29.4
64493;Saint-Palais;10.3;11.8;23.0;2.0;25.0
64519;Serres-Castet;2.3;4.3;19.0;1.0;39.1
65031;Arreau;13.0;5.2;4.0;1.0;30.2
65059;Bagnères-de-Bigorre;7.1;3.6;25.0;5.0;22.6
65258;Lannemezan;1.7;2.6;15.0;1.0;16.9
65452;Trie-sur-Baïse;10.0;7.0;7.0;1.0;23.1
66049;Céret;3.9;3.1;24.0;3.0;21.8
66065;Elne;2.1;2.7;25.0;2.0;19.4
66108;Millas;2.3;4.0;17.0;1.0;16.1
66125;Olette;28.8;11.5;4.0;1.0;9.0
66130;Osséja;14.6;11.0;15.0;2.0;18.7
66222;Vernet-les-Bains;0.0;5.5;8.0;0.0;23.8
67020;Barembach;0.0;2.4;2.0;0.0;12.7
67176;Gundershoffen;2.7;1.9;7.0;1.0;15.8
67281;Marckolsheim;2.4;4.0;17.0;1.0;16.9
67291;Mertzwiller;3.0;3.0;10.0;1.0;17.0
67448;Schirmeck;4.7;2.8;6.0;1.0;14.6
68162;Kaysersberg Vignoble;6.8;4.3;19.0;3.0;22.1
68231;Neuf-Brisach;10.2;2.0;4.0;2.0;11.5
69010;L'Arbresle;1.6;3.3;21.0;1.0;21.8
69018;Beaujeu;9.3;4.7;10.0;2.0;11.9
69019;Belleville-en-Beaujolais;2.2;1.8;24.0;3.0;18.7
69288;Saint-Laurent-de-Mure;1.8;2.9;16.0;1.0;23.7
70120;Champagney;2.7;3.8;14.0;1.0;18.9
70292;Jussey;6.5;7.8;12.0;1.0;15.3
71106;Charolles;14.0;4.9;14.0;4.0;24.2
71120;Chauffailles;5.4;4.3;16.0;2.0;20.0
71137;Cluny;10.1;5.1;25.0;5.0;22.3
71158;Cuisery;6.3;7.6;12.0;1.0;18.8
71178;Dompierre-les-Ormes;11.3;5.7;5.0;1.0;9.0
71192;Étang-sur-Arroux;5.5;5.0;9.0;1.0;18.7
71351;Pierre-de-Bresse;10.3;5.1;10.0;2.0;15.0
71545;Tramayes;9.4;4.7;5.0;1.0;9.6
72071;Montval-sur-Loir;6.8;6.4;38.0;4.0;15.8
72124;Écommoy;4.2;4.4;21.0;2.0;19.0
72334;Sillé-le-Guillaume;4.6;10.5;23.0;1.0;20.3
72363;Tuffé Val de la Chéronne;6.0;8.4;14.0;1.0;12.4
73010;Entrelacs;1.6;3.3;21.0;1.0;23.4
74119;Évian-les-Bains;3.3;2.6;24.0;3.0;22.6
74169;Marnaz;1.7;1.2;7.0;1.0;18.8
74264;Scionzier;2.2;1.0;9.0;2.0;15.5
76159;Cany-Barville;6.7;4.0;12.0;2.0;13.8
76196;Criquetot-l'Esneval;3.9;3.1;8.0;1.0;20.8
76302;Goderville;0.0;4.6;13.0;0.0;21.5
76312;Gournay-en-Bray;3.3;2.2;13.0;2.0;9.5
76329;Gruchet-le-Valasse;0.0;2.9;9.0;0.0;15.4
76392;Londinières;0.0;5.6;7.0;0.0;15.2
76647;Saint-Romain-de-Colbosc;0.0;2.1;9.0;0.0;18.6
76648;Saint-Saëns;4.3;4.7;11.0;1.0;16.3
78310;Houdan;2.7;4.1;15.0;1.0;21.9
78321;Jouars-Pontchartrain;1.7;2.2;13.0;1.0;22.1
78380;Maule;5.0;2.0;12.0;3.0;27.2
79174;Melle;5.0;7.1;43.0;3.0;19.3
79202;Parthenay;4.0;3.1;31.0;4.0;21.2
79307;Sauzé-Vaussais;6.6;9.3;14.0;1.0;16.1
79329;Thouars;7.2;3.6;50.0;10.0;19.2
80570;Moreuil;5.0;4.8;19.0;2.0;30.1
80620;Péronne;5.4;7.7;57.0;4.0;24.6
80685;Roye;3.5;5.6;32.0;2.0;17.3
81003;Alban;10.8;7.6;7.0;1.0;35.9
81033;Blaye-les-Mines;0.0;6.8;20.0;0.0;20.3
81069;Cordes-sur-Ciel;36.7;9.8;8.0;3.0;24.0
81099;Gaillac;3.3;3.5;53.0;5.0;25.3
81222;Réalmont;2.9;2.9;10.0;1.0;28.6
82022;Bourg-de-Visa;26.3;7.9;3.0;1.0;12.7
82134;Nègrepelisse;3.5;3.7;21.0;2.0;20.1
83042;Cogolin;2.5;1.7;20.0;3.0;20.3
83073;Le Luc;1.8;2.4;27.0;2.0;16.2
84054;L'Isle-sur-la-Sorgue;1.0;2.2;45.0;2.0;18.5
84072;Mazan;3.2;2.9;18.0;2.0;24.2
84080;Monteux;0.8;2.1;27.0;1.0;19.8
84133;La Tour-d'Aigues;4.6;2.5;11.0;2.0;21.3
85047;Challans;1.8;2.4;52.0;4.0;28.5
85065;Chavagnes-en-Paillers;2.8;2.0;7.0;1.0;27.2
85152;Les Achards;5.6;3.8;20.0;3.0;31.5
85288;Talmont-Saint-Hilaire;3.8;2.4;19.0;3.0;28.3
86070;Chauvigny;5.6;3.4;24.0;4.0;22.5
86078;Civray;11.7;7.8;20.0;3.0;22.3
86092;Dangé-Saint-Romain;3.4;4.7;14.0;1.0;17.6
86193;Pleumartin;8.3;5.8;7.0;1.0;46.5
87011;Bellac;11.1;4.7;17.0;4.0;22.0
87040;Châteauneuf-la-Forêt;13.1;4.6;7.0;2.0;17.8
88095;Châtenois;11.6;4.7;8.0;2.0;19.8
88114;Contrexéville;6.4;5.8;18.0;2.0;16.4
88124;Darney;9.4;6.6;7.0;1.0;8.9
88181;Fraize;3.5;3.2;9.0;1.0;12.3
88304;Mirecourt;6.2;4.4;21.0;3.0;17.6
89046;Bléneau;8.6;4.3;5.0;1.0;13.1
89257;Migennes;2.7;3.7;27.0;2.0;15.7
89418;Tonnerre;9.2;2.8;12.0;4.0;15.8
89461;Villeneuve-l'Archevêque;9.0;6.3;7.0;1.0;14.0
91359;Maisse;3.6;2.8;8.0;1.0;15.0
91405;Milly-la-Forêt;6.5;3.2;15.0;3.0;22.6
95652;Viarmes;1.9;2.5;13.0;1.0;25.4
97115;Lamentin;0.6;1.1;19.0;1.0;13.9
97357;Grand-Santi;0.0;0.6;5.0;0.0;0.4
97401;Les Avirons;1.7;1.7;20.0;2.0;19.8
;;;;;;
01185;Plateau d'Hauteville;4.1;6.0;29.0;2.0;18.5
01244;Meximieux;2.5;2.5;20.0;2.0;21.9
01269;Nantua;8.7;3.5;12.0;3.0;18.9
01305;Pont-de-Vaux;9.1;6.4;14.0;2.0;17.5
01350;Saint-Étienne-du-Bois;3.9;4.3;11.0;1.0;23.2
01420;Thoissey;6.0;7.8;13.0;1.0;19.6
01443;Villars-les-Dombes;6.1;3.6;18.0;3.0;22.0
02141;La Capelle;5.6;7.9;14.0;1.0;11.0
02430;Liesse-Notre-Dame;7.9;6.3;8.0;1.0;35.9
02502;Montcornet;7.7;3.9;5.0;1.0;11.2
02602;Pinon;6.0;7.2;12.0;1.0;10.5
02738;Tergnier;2.2;3.1;42.0;3.0;14.0
02758;Vailly-sur-Aisne;0.0;3.0;6.0;0.0;14.2
02810;Villers-Cotterêts;2.9;3.1;32.0;3.0;16.5
03036;Bourbon-l'Archambault;7.8;5.1;13.0;2.0;29.1
03082;Commentry;4.9;3.1;19.0;3.0;17.4
03161;Marcillat-en-Combraille;11.1;6.7;6.0;1.0;23.7
03298;Varennes-sur-Allier;2.7;4.9;18.0;1.0;23.5
04088;Forcalquier;7.8;4.1;21.0;4.0;17.2
04209;Sisteron;3.9;2.6;20.0;3.0;15.8
05050;Espinasses;12.2;3.6;3.0;1.0;10.2
05070;Laragne-Montéglin;5.6;5.6;20.0;2.0;14.1
05132;Saint-Bonnet-en-Champsaur;9.6;6.7;14.0;2.0;36.4
05166;Serres;0.0;11.6;15.0;0.0;64.8
06023;Breil-sur-Roya;4.7;5.7;12.0;1.0;12.4
06103;Roquebillière;0.0;6.6;12.0;0.0;20.1
07132;Largentière;6.4;6.4;10.0;1.0;18.6
08419;Signy-l'Abbaye;7.4;3.0;4.0;1.0;13.2
08491;Vrigne aux Bois;0.0;4.5;16.0;0.0;15.2
10034;Bar-sur-Seine;3.4;3.4;10.0;1.0;14.9
10064;Brienne-le-Château;7.3;4.7;13.0;2.0;18.1
10080;Chaource;9.8;6.9;7.0;1.0;15.4
10140;Ervy-le-Châtel;8.9;4.4;5.0;1.0;19.7
11103;Couiza;8.9;7.1;8.0;1.0;21.9
11266;Port-la-Nouvelle;1.7;3.4;20.0;1.0;17.2
11304;Quillan;6.4;7.0;22.0;2.0;17.9
11379;Sigean;5.4;3.1;17.0;3.0;18.9
12089;Decazeville;5.8;4.2;22.0;3.0;19.0
12198;Rieupeyroux;10.3;5.7;11.0;2.0;26.2
14027;Les Monts d'Aunay;4.4;2.2;10.0;2.0;14.0
14035;Balleroy-sur-Drôme;0.0;4.5;6.0;0.0;16.6
14061;Souleuvre en Bocage;3.4;3.2;28.0;3.0;13.2
14098;Thue et Mue;4.9;3.3;20.0;3.0;20.2
14126;Cambremer;15.1;4.5;6.0;2.0;19.5
14143;Caumont-sur-Aure;12.5;2.9;7.0;3.0;14.9
14225;Dives-sur-Mer;7.6;2.7;14.0;4.0;16.7
14312;Grandcamp-Maisy;0.0;4.6;7.0;0.0;17.1
14333;Honfleur;8.9;3.9;26.0;6.0;24.3
14342;Isigny-sur-Mer;2.8;3.3;12.0;1.0;10.1
14431;Mézidon Vallée d'Auge;3.1;2.0;19.0;3.0;21.9
14654;Saint-Pierre-en-Auge;5.5;2.6;19.0;4.0;15.9
14711;Trévières;10.9;8.7;8.0;1.0;21.3
15175;Saint-Cernin;9.4;3.8;4.0;1.0;31.4
16106;Confolens;7.4;5.5;15.0;2.0;22.3
16192;Terres-de-Haute-Charente;5.2;5.7;22.0;2.0;14.5
16281;La Rochefoucauld-en-Angoumois;5.0;3.5;14.0;2.0;18.4
16286;Rouillac;10.2;3.1;9.0;3.0;15.9
16366;Segonzac;4.8;5.3;11.0;1.0;15.3
17224;Matha;9.2;5.1;11.0;2.0;20.0
17240;Montendre;6.2;6.5;21.0;2.0;18.5
17331;Saint-Genis-de-Saintonge;16.1;11.3;14.0;2.0;17.9
17421;Saujon;1.4;2.9;21.0;1.0;18.7
18057;Châteaumeillant;11.5;7.5;13.0;2.0;16.9
18087;Dun-sur-Auron;2.8;3.6;13.0;1.0;15.6
18241;Sancerre;14.9;5.2;7.0;2.0;30.7
19011;Arnac-Pompadour;8.7;6.1;7.0;1.0;21.7
19036;Chamberet;7.1;11.4;16.0;1.0;14.9
19138;Meyssac;7.9;4.8;6.0;1.0;32.0
21501;Pouilly-en-Auxois;6.5;5.2;8.0;1.0;24.0
22004;Bégard;2.1;4.6;22.0;1.0;20.4
22050;Dinan;4.1;2.2;32.0;6.0;24.8
22136;Loudéac;4.1;4.5;43.0;4.0;20.6
22137;Maël-Carhaix;6.8;4.1;6.0;1.0;15.3
22143;Matignon;5.9;3.5;6.0;1.0;25.0
22147;Merdrignac;6.8;6.1;18.0;2.0;23.2
22222;Plouha;2.2;3.3;15.0;1.0;25.6
22362;Tréguier;16.6;5.0;12.0;4.0;18.8
23008;Aubusson;9.4;6.6;21.0;3.0;13.9
23025;Bonnat;7.4;10.4;14.0;1.0;33.0
23045;Chambon-sur-Voueize;11.6;11.6;10.0;1.0;31.5
23079;Felletin;6.5;14.2;22.0;1.0;28.5
23089;Genouillac;13.8;5.5;4.0;1.0;20.0
23105;Lavaveix-les-Mines;15.7;4.7;3.0;1.0;7.5
23176;La Souterraine;8.1;6.3;31.0;4.0;22.8
24028;Beaumontois en Périgord;5.5;7.2;13.0;1.0;17.5
24294;Montpon-Ménestérol;3.4;3.8;22.0;2.0;14.4
24396;Saint-Cyprien;6.5;6.5;10.0;1.0;16.7
25047;Baume-les-Dames;4.0;4.4;22.0;2.0;21.4
25237;Fesches-le-Châtel;4.6;1.8;4.0;1.0;11.2
25315;L'Isle-sur-le-Doubs;3.5;6.7;19.0;1.0;15.2
25411;Morteau;7.3;3.9;27.0;5.0;25.3
26063;Buis-les-Baronnies;13.1;7.0;16.0;3.0;20.8
26114;Dieulefit;9.3;3.1;10.0;3.0;22.0
27051;Beaumont-le-Roger;0.0;6.8;19.0;0.0;19.8
27056;Bernay;3.1;4.6;44.0;3.0;20.5
27117;Broglie;9.9;5.9;6.0;1.0;21.5
27279;Gasny;3.3;4.6;14.0;1.0;19.1
27448;Pacy-sur-Eure;2.0;4.0;20.0;1.0;22.6
27470;Pont-Saint-Pierre;0.0;11.4;13.0;0.0;14.1
28027;La Bazoche-Gouet;8.2;3.3;4.0;1.0;10.9
28061;Brou;3.1;7.0;23.0;1.0;13.9
28149;La Ferté-Vidame;17.2;8.6;5.0;1.0;11.5
28279;Nogent-le-Roi;2.5;4.0;16.0;1.0;17.7
28387;Thiron-Gardais;10.2;9.2;9.0;1.0;14.1
29020;Briec;3.5;3.0;17.0;2.0;22.6
29158;Penmarch;1.9;2.9;15.0;1.0;16.1
29197;Plouhinec;5.1;3.0;12.0;2.0;14.5
29199;Plouigneau;2.0;3.7;19.0;1.0;22.5
29233;Quimperlé;1.7;4.1;49.0;2.0;24.5
29260;Saint-Renan;2.4;4.1;34.0;2.0;34.0
29302;Pont-de-Buis-lès-Quimerch;2.8;6.6;24.0;1.0;18.2
2A249;Propriano;5.4;2.7;10.0;2.0;15.4
2B096;Corte;7.9;2.8;21.0;6.0;11.2
30034;Bellegarde;1.3;2.1;16.0;1.0;24.1
30132;La Grand-Combe;2.0;3.2;16.0;1.0;10.3
30263;Saint-Hippolyte-du-Fort;2.7;2.4;9.0;1.0;17.5
31033;Auterive;2.0;2.6;26.0;2.0;19.6
31239;L'Isle-en-Dodon;12.2;3.7;6.0;2.0;13.5
31582;Villefranche-de-Lauragais;4.1;4.7;23.0;2.0;28.8
32079;Castelnau d'Auzan Labarrère;8.4;10.9;13.0;1.0;21.3
32233;Marciac;33.3;7.5;9.0;4.0;24.3
32296;Nogaro;9.5;8.1;17.0;2.0;24.6
32319;Plaisance;14.1;7.8;11.0;2.0;19.9
32410;Samatan;8.4;5.5;13.0;2.0;37.3
33042;Belin-Béliet;1.7;1.9;11.0;1.0;21.1
33108;Castillon-la-Bataille;6.2;4.0;13.0;2.0;12.0
33227;Langon;5.4;3.9;29.0;4.0;18.7
34079;Clermont-l'Hérault;3.3;2.0;18.0;3.0;18.7
34101;Florensac;2.0;3.4;17.0;1.0;14.6
34111;Ganges;4.9;3.9;16.0;2.0;14.2
34147;Magalas;2.9;3.5;12.0;1.0;18.7
34199;Pézenas;5.1;3.4;27.0;4.0;18.4
35023;Bédée;2.2;1.6;7.0;1.0;27.4
35126;Guichen;2.3;2.4;21.0;2.0;39.5
35152;Liffré;3.7;3.0;24.0;3.0;39.6
35176;Guipry-Messac;2.8;1.9;14.0;2.0;28.0
35184;Montauban-de-Bretagne;3.2;2.1;13.0;2.0;28.9
35188;Montfort-sur-Meu;4.4;2.8;19.0;3.0;30.1
35223;Plélan-le-Grand;5.0;3.0;12.0;2.0;26.1
35282;Rives-du-Couesnon;13.8;2.4;7.0;4.0;25.0
35297;Saint-Méen-le-Grand;4.4;2.4;11.0;2.0;21.5
36001;Aigurande;14.4;6.5;9.0;2.0;19.1
36005;Ardentes;2.6;2.9;11.0;1.0;24.4
36006;Argenton-sur-Creuse;8.2;6.4;31.0;4.0;23.0
36045;Châtillon-sur-Indre;4.3;5.6;13.0;1.0;14.5
36046;La Châtre;7.4;3.7;15.0;3.0;19.6
36093;Levroux;3.5;4.2;12.0;1.0;18.8
36228;Valençay;8.7;4.3;10.0;2.0;16.7
37031;Bourgueil;10.5;3.7;14.0;4.0;20.4
37063;Château-Renault;4.1;5.1;25.0;2.0;14.0
37225;Saint-Martin-le-Beau;3.2;1.9;6.0;1.0;30.2
38226;Mens;14.2;5.0;7.0;2.0;19.5
38269;La Mure;8.2;3.3;16.0;4.0;25.2
39478;Saint-Claude;5.6;3.0;27.0;5.0;15.7
40197;Morcenx-la-Nouvelle;8.0;4.4;22.0;4.0;20.5
41136;Mer;3.2;2.7;17.0;2.0;24.4
41151;Montrichard Val de Cher;5.4;3.8;14.0;2.0;15.5
41159;Neung-sur-Beuvron;8.0;4.8;6.0;1.0;30.7
41242;Selles-sur-Cher;4.5;3.8;17.0;2.0;14.6
42011;Balbigny;7.0;4.2;12.0;2.0;18.1
42165;Panissières;6.9;4.5;13.0;2.0;24.5
42204;Saint-Bonnet-le-Château;13.4;6.0;9.0;2.0;14.1
42224;Saint-Genest-Malifaux;6.8;2.4;7.0;2.0;27.0
43112;Langeac;2.9;4.3;15.0;1.0;17.1
43135;Le Monastier-sur-Gazeille;5.7;5.1;9.0;1.0;20.1
43185;Sainte-Florine;3.1;3.1;10.0;1.0;17.2
43200;Saint-Julien-Chapteuil;5.0;5.5;11.0;1.0;35.4
43267;Vorey;6.9;4.1;6.0;1.0;14.1
44015;Blain;4.0;2.8;28.0;4.0;26.0
44072;Herbignac;4.2;3.1;22.0;3.0;29.9
44087;Machecoul-Saint-Même;3.9;3.3;25.0;3.0;24.7
44161;Saint-Gildas-des-Bois;2.7;3.7;14.0;1.0;27.4
44180;Vallons-de-l'Erdre;10.8;7.1;46.0;7.0;19.0
44195;Savenay;2.2;3.9;36.0;2.0;31.5
44212;Vallet;3.2;2.4;23.0;3.0;29.5
45028;Beaugency;6.8;3.7;27.0;5.0;25.2
45115;Courtenay;5.2;4.4;17.0;2.0;10.8
45203;Meung-sur-Loire;10.7;3.4;22.0;7.0;25.5
45315;Sully-sur-Loire;5.8;3.3;17.0;3.0;20.2
46173;Limogne-en-Quercy;12.9;11.6;9.0;1.0;12.6
46185;Martel;12.2;4.3;7.0;2.0;43.0
46309;Souillac;9.4;4.4;14.0;3.0;23.1
46330;Vayrac;23.0;3.8;5.0;3.0;15.9
47004;Aiguillon;4.7;2.6;11.0;2.0;18.6
47048;Cancon;7.4;5.2;7.0;1.0;19.0
47078;Damazan;7.4;8.8;12.0;1.0;22.0
47086;Duras;8.2;6.6;8.0;1.0;28.7
47168;Miramont-de-Guyenne;3.2;4.2;13.0;1.0;17.9
48017;Banassac-Canilhac;9.3;4.6;5.0;1.0;38.3
48039;Chanac;6.9;11.0;16.0;1.0;28.0
48080;Langogne;7.0;6.6;19.0;2.0;32.2
48140;Saint-Chély-d'Apcher;4.7;6.9;29.0;2.0;29.5
49180;Longué-Jumelles;0.0;2.7;18.0;0.0;20.1
49228;Noyant-Villages;7.2;8.0;44.0;4.0;12.4
49248;Ombrée d'Anjou;10.1;6.3;56.0;9.0;20.6
50031;Barneville-Carteret;9.0;5.0;11.0;2.0;23.9
50139;Condé-sur-Vire;4.9;3.4;14.0;2.0;24.5
50236;La Haye;7.6;3.5;14.0;3.0;21.0
50359;Mortain-Bocage;3.4;5.1;15.0;1.0;20.8
50402;Les Pieux;3.1;4.6;15.0;1.0;26.6
50417;Quettehou;0.0;1.1;2.0;0.0;15.7
50523;Sainte-Mère-Église;9.9;3.3;10.0;3.0;16.9
51507;Sainte-Menehould;4.8;6.7;28.0;2.0;14.1
51612;Blancs-Coteaux;0.0;6.2;20.0;0.0;18.9
52050;Biesles;15.0;6.8;9.0;2.0;13.4
52074;Breuvannes-en-Bassigny;14.9;7.5;5.0;1.0;10.7
52269;Langres;10.4;3.4;26.0;8.0;18.3
53003;Ambrières-les-Vallées;7.6;6.5;17.0;2.0;31.6
53084;Craon;2.2;5.2;23.0;1.0;29.4
53096;Ernée;5.3;4.3;24.0;3.0;32.5
53107;Gorron;7.9;6.7;17.0;2.0;28.5
53161;Montsûrs;6.3;4.7;15.0;2.0;23.6
54263;Homécourt;1.6;2.2;14.0;1.0;9.6
54322;Longuyon;0.0;2.9;15.0;0.0;12.7
55427;Revigny-sur-Ornain;3.6;4.3;12.0;1.0;24.1
55463;Saint-Mihiel;5.0;4.5;18.0;2.0;24.1
56001;Allaire;2.6;4.9;19.0;1.0;25.7
56057;Le Faouët;10.7;5.0;14.0;3.0;26.2
56127;Mauron;3.1;5.4;17.0;1.0;22.3
56165;Ploërmel;2.0;4.4;43.0;2.0;32.0
57207;Farébersviller;0.0;4.1;22.0;0.0;10.1
58046;Cercy-la-Tour;5.9;4.7;8.0;1.0;13.7
58062;Château-Chinon (Ville);20.7;5.7;11.0;4.0;26.6
58083;Corbigny;7.2;5.0;7.0;1.0;21.0
58095;Decize;3.9;3.3;17.0;2.0;24.1
58227;Saint-Amand-en-Puisaye;16.4;4.1;5.0;2.0;13.6
58267;Saint-Saulge;13.9;5.6;4.0;1.0;15.8
59015;Arleux;3.2;3.8;12.0;1.0;18.0
59035;Avesnelles;4.3;3.5;8.0;1.0;16.2
59037;Avesnes-les-Aubert;2.8;4.1;15.0;1.0;15.2
59053;Bavay;6.2;4.9;16.0;2.0;15.3
59331;Landrecies;2.9;3.8;13.0;1.0;14.7
59481;Le Quesnoy;6.2;3.3;16.0;3.0;16.3
60104;Breteuil;2.4;5.0;21.0;1.0;13.8
60157;Clermont;3.9;2.5;26.0;4.0;14.8
61230;Longny les Villages;6.8;5.1;15.0;2.0;13.4
61339;Putanges-le-Lac;0.0;5.1;11.0;0.0;21.9
61464;Sées;7.1;3.3;14.0;3.0;19.8
61483;Bagnoles de l'Orne Normandie;7.4;3.7;10.0;2.0;18.6
61508;Vimoutiers;3.2;2.9;9.0;1.0;13.4
62063;Avesnes-le-Comte;5.5;1.6;3.0;1.0;19.0
62268;Desvres;6.2;3.3;16.0;3.0;12.6
62516;Lillers;2.0;2.5;25.0;2.0;16.3
62588;Montreuil-sur-Mer;10.5;2.6;5.0;2.0;29.5
63281;Pionsat;0.0;9.5;10.0;0.0;16.5
63291;Puy-Guillaume;3.7;4.8;13.0;1.0;17.7
63354;Saint-Gervais-d'Auvergne;8.1;9.7;12.0;1.0;18.7
64371;Mauléon-Licharre;6.8;5.8;17.0;2.0;20.9
64416;Navarrenx;0.0;12.3;13.0;0.0;32.4
64430;Orthez;5.7;6.2;65.0;6.0;24.6
64453;Pontacq;3.4;6.2;18.0;1.0;24.3
64485;Saint-Jean-Pied-de-Port;13.2;13.2;20.0;2.0;35.7
65025;Argelès-Gazost;6.9;4.5;13.0;2.0;27.1
65375;Rabastens-de-Bigorre;6.9;5.5;8.0;1.0;15.7
65389;Saint-Laurent-de-Neste;31.4;5.2;5.0;3.0;30.1
66016;Banyuls-sur-Mer;2.1;4.4;21.0;1.0;21.0
66071;Estagel;4.9;3.4;7.0;1.0;16.1
66124;Font-Romeu-Odeillo-Via;11.2;15.1;27.0;2.0;56.9
66148;Port-Vendres;10.0;4.0;16.0;4.0;16.1
66164;Rivesaltes;3.3;2.4;22.0;3.0;17.1
66180;Saint-Laurent-de-la-Salanque;1.0;2.5;25.0;1.0;14.4
66210;Thuir;2.5;2.9;23.0;2.0;20.2
67021;Barr;2.8;2.5;18.0;2.0;22.3
67061;Bouxwiller;5.4;4.0;15.0;2.0;21.1
67101;Dorlisheim;7.7;1.5;4.0;2.0;18.6
67414;Rothau;6.5;0.7;1.0;1.0;9.7
67507;Villé;0.0;5.6;10.0;0.0;17.1
68068;Dannemarie;4.4;4.4;10.0;1.0;31.4
68201;Masevaux-Niederbruck;0.0;4.6;17.0;0.0;23.9
68226;Munster;8.5;4.9;23.0;4.0;17.5
68249;Orbey;5.8;3.5;12.0;2.0;18.6
68298;Sainte-Marie-aux-Mines;2.0;3.6;18.0;1.0;11.7
68334;Thann;6.4;2.8;22.0;5.0;26.5
69141;Mornant;3.2;3.0;19.0;2.0;24.4
70122;Champlitte;12.2;6.1;10.0;2.0;13.2
71073;Chagny;1.8;3.8;21.0;1.0;16.9
71133;La Clayette;12.2;10.4;17.0;2.0;17.0
71289;Matour;17.3;10.4;12.0;2.0;23.9
71394;Saint-Bonnet-de-Joux;13.1;5.2;4.0;1.0;10.3
72023;Ballon-Saint Mars;8.8;6.2;14.0;2.0;19.0
72035;Bessé-sur-Braye;4.8;5.3;11.0;1.0;17.8
72039;Bonnétable;2.7;3.5;13.0;1.0;17.6
72189;Marolles-les-Braults;4.9;5.8;12.0;1.0;11.7
72223;Noyen-sur-Sarthe;3.8;4.9;13.0;1.0;19.6
73236;Saint-Genix-les-Villages;10.4;3.5;10.0;3.0;24.1
73270;Saint-Pierre-d'Albigny;2.4;3.4;14.0;1.0;24.7
73303;Ugine;2.8;2.9;21.0;2.0;18.8
74026;La Balme-de-Sillingy;2.0;2.1;11.0;1.0;22.7
74056;Chamonix-Mont-Blanc;6.9;3.5;30.0;6.0;58.4
74081;Cluses;2.9;1.0;17.0;5.0;20.5
74256;Sallanches;1.8;1.8;30.0;3.0;25.0
76051;Bacqueville-en-Caux;5.3;5.8;11.0;1.0;19.9
76114;Bolbec;2.6;1.6;18.0;3.0;12.6
76164;Rives-en-Seine;17.1;5.4;22.0;7.0;13.8
76400;Luneray;4.6;1.8;4.0;1.0;13.0
76758;Yvetot;6.2;2.0;23.0;7.0;17.1
77327;Nangis;2.2;1.9;17.0;2.0;14.2
77475;Trilport;0.0;1.8;9.0;0.0;14.6
79013;Argentonnay;9.4;5.6;18.0;3.0;20.7
79062;Cerizay;4.2;5.0;24.0;2.0;22.1
79148;Lezay;5.1;5.6;11.0;1.0;26.6
79311;Secondigny;5.6;7.3;13.0;1.0;30.5
80010;Ailly-sur-Noye;3.6;5.0;14.0;1.0;32.6
80222;Crécy-en-Ponthieu;7.3;5.1;7.0;1.0;14.6
80318;Flixecourt;3.1;6.2;20.0;1.0;15.5
80606;Oisemont;8.8;6.2;7.0;1.0;42.2
81037;Brassac;7.7;7.7;10.0;1.0;20.2
81060;Carmaux;3.0;3.3;33.0;3.0;22.9
81140;Lavaur;1.8;3.0;32.0;2.0;26.5
81220;Rabastens;5.2;1.7;10.0;3.0;24.3
82087;Lafrançaise;3.5;5.3;15.0;1.0;27.8
82097;Lavit;6.2;4.3;7.0;1.0;14.3
82112;Moissac;2.9;3.2;44.0;4.0;16.2
82115;Monclar-de-Quercy;9.9;4.5;9.0;2.0;15.3
82155;Saint-Antonin-Noble-Val;15.9;8.5;16.0;3.0;20.3
83012;Barjols;3.3;4.3;13.0;1.0;18.5
83031;Le Cannet-des-Maures;2.3;2.3;10.0;1.0;17.6
83071;La Londe-les-Maures;0.9;2.9;33.0;1.0;20.2
84019;Bollène;2.2;2.8;39.0;3.0;17.6
84026;Cadenet;2.4;2.1;9.0;1.0;25.1
84138;Valréas;3.2;3.1;29.0;3.0;15.4
85059;La Châtaigneraie;11.5;7.7;20.0;3.0;22.5
85215;Saint-Fulgent;2.6;2.6;10.0;1.0;22.8
86082;Valence-en-Poitou;11.3;5.0;22.0;5.0;17.5
86137;Loudun;6.0;3.7;25.0;4.0;17.4
87064;Eymoutiers;9.6;4.3;9.0;2.0;19.9
87161;Saint-Léonard-de-Noblat;6.9;3.7;16.0;3.0;18.9
88029;La Vôge-les-Bains;18.9;5.0;8.0;3.0;9.3
88321;Neufchâteau;6.0;3.9;26.0;4.0;13.8
88372;Raon-l'Étape;3.3;3.6;22.0;2.0;14.7
88487;Le Val-d'Ajol;2.6;2.6;10.0;1.0;15.6
88516;Vittel;4.2;5.8;28.0;2.0;23.1
89344;Saint-Fargeau;13.5;6.7;10.0;2.0;15.0
91016;Angerville;2.3;2.3;10.0;1.0;14.6
91105;Breuillet;1.1;2.6;23.0;1.0;23.0
95250;Fosses;3.1;1.4;14.0;3.0;17.7
97106;Bouillante;1.5;3.1;21.0;1.0;14.4
97202;Les Anses-d'Arlet;2.8;2.5;9.0;1.0;12.9
97204;Le Carbet;0.0;3.8;13.0;0.0;15.1
97225;Saint-Pierre;2.4;2.2;9.0;1.0;12.3
97403;Entre-Deux;1.4;3.6;25.0;1.0;14.2
97406;La Plaine-des-Palmistes;3.0;1.2;8.0;2.0;9.7
01034;Belley;4.3;2.5;23.0;4.0;26.5
01072;Ceyzériat;3.1;4.1;13.0;1.0;27.1
01074;Chalamont;3.9;4.3;11.0;1.0;21.6
01304;Pont-d'Ain;3.4;5.2;15.0;1.0;19.8
01333;Saint-André-de-Corcy;3.0;4.5;15.0;1.0;30.9
01457;Vonnas;3.1;4.1;13.0;1.0;21.1
02110;Braine;4.5;4.5;10.0;1.0;13.6
02304;La Fère;7.0;8.8;25.0;2.0;13.5
02361;Guise;8.8;5.9;27.0;4.0;11.6
03043;Broût-Vernet;8.4;5.9;7.0;1.0;19.0
03128;Huriel;3.8;2.3;6.0;1.0;24.9
04018;Banon;18.9;8.5;9.0;2.0;15.2
04143;Oraison;1.7;2.5;15.0;1.0;18.7
05017;La Bâtie-Neuve;3.9;5.0;13.0;1.0;26.2
07064;Le Cheylard;7.0;7.4;21.0;2.0;32.5
07319;Le Teil;2.3;1.9;17.0;2.0;21.3
07349;La Voulte-sur-Rhône;2.1;2.7;13.0;1.0;22.5
08081;Bogny-sur-Meuse;2.0;4.6;23.0;1.0;13.8
08362;Rethel;4.0;4.6;34.0;3.0;15.3
08486;Vireux-Molhain;6.8;6.1;9.0;1.0;14.0
10323;Romilly-sur-Seine;2.7;2.5;37.0;4.0;12.6
11049;Bram;6.2;4.3;14.0;2.0;23.3
11106;Coursan;1.7;3.3;19.0;1.0;20.2
11116;Cuxac-d'Aude;2.5;1.7;7.0;1.0;14.2
11315;Rieux-Minervois;5.2;4.1;8.0;1.0;14.1
11397;Trèbes;1.8;3.1;17.0;1.0;15.5
12094;Entraygues-sur-Truyère;20.4;8.2;8.0;2.0;19.3
12096;Espalion;8.6;3.4;16.0;4.0;29.5
12138;Marcillac-Vallon;5.8;3.5;6.0;1.0;44.4
12164;Mur-de-Barrez;28.7;7.2;5.0;2.0;29.3
12185;Pont-de-Salars;6.1;5.5;9.0;1.0;29.8
12199;Rignac;5.0;5.0;10.0;1.0;28.7
12298;Villecomtal;24.0;7.2;3.0;1.0;24.6
13097;Saint-Martin-de-Crau;3.7;2.3;31.0;5.0;24.8
14047;Bayeux;2.4;3.1;39.0;3.0;18.1
14191;Courseulles-sur-Mer;2.4;3.6;15.0;1.0;22.9
14229;Dozulé;4.3;4.3;10.0;1.0;16.8
14478;Orbec;10.3;5.7;11.0;2.0;17.2
14515;Port-en-Bessin-Huppain;0.0;5.2;10.0;0.0;12.4
14692;Tilly-sur-Seulles;11.3;4.0;7.0;2.0;19.3
14752;Villers-Bocage;3.2;5.1;16.0;1.0;16.2
15045;Chaudes-Aigues;24.4;9.8;8.0;2.0;17.4
15120;Mauriac;5.7;6.0;21.0;2.0;24.3
15138;Murat;11.0;5.0;9.0;2.0;19.6
15202;Saint-Martin-Valmeroux;14.1;7.1;5.0;1.0;17.3
15215;Saint-Simon;0.0;3.5;4.0;0.0;29.1
16005;Aigre;6.3;3.8;6.0;1.0;14.1
16073;Chalais;5.6;5.6;10.0;1.0;13.0
16206;Mansle-les-Fontaines;4.7;6.6;14.0;1.0;15.7
16223;Montbron;5.0;4.0;8.0;1.0;19.3
16230;Montmoreau;7.9;6.0;15.0;2.0;15.7
16292;Ruffec;5.9;4.5;15.0;2.0;16.2
17397;Saint-Savinien;8.2;6.5;16.0;2.0;17.1
18003;Les Aix-d'Angillon;5.3;2.7;5.0;1.0;16.0
18018;Avord;3.6;7.8;22.0;1.0;19.5
18023;Baugy;6.1;4.9;8.0;1.0;17.9
18108;La Guerche-sur-l'Aubois;3.2;5.1;16.0;1.0;19.6
18242;Sancoins;3.4;4.4;13.0;1.0;12.9
19121;Lubersac;4.5;4.5;10.0;1.0;27.9
21103;Brazey-en-Plaine;4.2;5.0;12.0;1.0;22.3
21154;Châtillon-sur-Seine;5.6;4.7;25.0;3.0;15.6
21425;Montbard;14.5;5.2;25.0;7.0;14.1
21607;Seurre;4.3;8.2;19.0;1.0;16.1
22084;Jugon-les-Lacs;3.9;6.3;16.0;1.0;19.7
22121;Lanvollon;0.0;6.2;11.0;0.0;23.4
22158;Guerlédan;8.1;8.1;20.0;2.0;19.8
22207;Plouaret;4.6;3.2;7.0;1.0;15.2
22262;Quintin;3.5;8.2;23.0;1.0;24.1
22321;Saint-Nicolas-du-Pélem;12.9;8.4;13.0;2.0;16.6
23001;Ahun;0.0;11.3;16.0;0.0;21.4
23013;Auzances;8.3;17.5;21.0;1.0;26.3
23076;Évaux-les-Bains;15.4;8.5;11.0;2.0;17.3
24164;Excideuil;8.5;12.8;15.0;1.0;26.0
24520;Sarlat-la-Canéda;4.6;4.7;41.0;4.0;20.1
25475;Quingey;7.1;5.7;8.0;1.0;29.6
26166;Loriol-sur-Drôme;4.5;1.7;11.0;3.0;21.6
27103;Bourg-Achard;2.5;3.8;15.0;1.0;19.9
27105;Grand Bourgtheroulde;2.5;3.2;13.0;1.0;21.6
27198;Mesnils-sur-Iton;3.3;7.0;43.0;2.0;14.2
27213;Vexin-sur-Epte;3.4;3.5;21.0;2.0;17.4
27275;Gaillon;4.4;2.0;14.0;3.0;13.9
27507;Saint-André-de-l'Eure;2.5;3.9;16.0;1.0;25.3
27629;Thiberville;5.6;4.5;8.0;1.0;19.7
27679;Verneuil d'Avre et d'Iton;4.1;6.0;44.0;3.0;17.4
28018;Authon-du-Perche;0.0;5.4;8.0;0.0;13.8
28059;Brezolles;5.5;4.4;8.0;1.0;15.7
28116;Courville-sur-Eure;3.6;5.3;15.0;1.0;19.8
28199;Janville-en-Beauce;3.9;3.5;9.0;1.0;20.0
28348;Saint-Lubin-des-Joncherets;2.5;3.2;13.0;1.0;11.1
29003;Audierne;5.4;2.7;10.0;2.0;10.4
29046;Douarnenez;2.9;3.5;49.0;4.0;18.4
29135;Loctudy;2.5;5.0;20.0;1.0;17.4
29163;Pleyber-Christ;3.1;5.0;16.0;1.0;19.7
29195;Plouguerneau;1.5;2.4;16.0;1.0;30.6
2A041;Bonifacio;6.2;3.4;11.0;2.0;25.8
2A348;Vico;10.8;6.5;6.0;1.0;18.3
2B050;Calvi;1.7;4.0;23.0;1.0;20.1
30010;Anduze;3.0;3.3;11.0;1.0;18.7
30029;Barjac;12.4;6.8;11.0;2.0;15.6
30212;Remoulins;4.4;3.1;7.0;1.0;16.2
30259;Saint-Hilaire-de-Brethmas;4.3;1.7;8.0;2.0;23.0
30350;Le Vigan;10.8;4.6;17.0;4.0;20.9
31028;Aurignac;16.1;8.9;11.0;2.0;18.5
31042;Bagnères-de-Luchon;9.0;5.9;13.0;2.0;26.3
31107;Carbonne;3.4;2.7;16.0;2.0;21.1
31523;Salies-du-Salat;5.7;7.4;13.0;1.0;24.2
31584;Villemur-sur-Tarn;1.6;4.1;25.0;1.0;16.5
32119;Eauze;7.5;5.8;23.0;3.0;22.2
32160;L'Isle-Jourdain;3.3;3.1;29.0;3.0;34.0
32213;Lombez;4.6;4.6;10.0;1.0;20.5
32462;Vic-Fezensac;5.6;3.6;13.0;2.0;23.8
33036;Bazas;6.2;5.2;25.0;3.0;19.3
33140;Créon;4.1;2.2;11.0;2.0;19.3
33240;Lesparre-Médoc;3.4;3.6;21.0;2.0;14.5
33327;Podensac;6.1;4.3;14.0;2.0;15.7
34069;Cazouls-lès-Béziers;3.9;2.0;10.0;2.0;17.3
34142;Lodève;4.1;3.1;23.0;3.0;14.3
34162;Montagnac;2.3;2.8;12.0;1.0;13.7
35019;Bazouges-la-Pérouse;10.8;1.6;3.0;2.0;15.9
35072;Châtillon-en-Vendelais;12.0;4.2;7.0;2.0;24.0
35109;Étrelles;3.8;1.5;4.0;1.0;28.8
35124;Grand-Fougeray;4.1;2.9;7.0;1.0;18.3
35167;Martigné-Ferchaud;3.8;2.3;6.0;1.0;16.4
35168;Val d'Anast;5.1;2.5;10.0;2.0;25.3
35173;Melesse;1.4;1.8;13.0;1.0;36.3
35284;Saint-Jouan-des-Guérets;3.6;2.5;7.0;1.0;30.2
36141;Neuvy-Saint-Sépulchre;6.1;6.7;11.0;1.0;19.8
37020;Beaulieu-lès-Loches;5.7;2.9;5.0;1.0;15.3
37167;Neuillé-Pont-Pierre;0.0;2.8;6.0;0.0;31.7
38052;Le Bourg-d'Oisans;12.2;3.0;10.0;4.0;29.6
38130;La Côte-Saint-André;6.2;4.2;20.0;3.0;22.7
38138;Crémieu;2.9;5.2;18.0;1.0;21.4
38517;Tullins;2.6;1.9;15.0;2.0;22.2
39368;Hauts de Bienne;5.7;4.2;22.0;3.0;16.1
40110;Geaune;13.3;6.7;5.0;1.0;44.2
40134;Labouheyre;10.7;4.7;13.0;3.0;21.1
40224;Peyrehorade;2.7;5.8;21.0;1.0;23.4
40245;Roquefort;5.2;3.6;7.0;1.0;20.7
41025;Bracieux;7.6;6.1;8.0;1.0;21.7
41095;Fréteval;9.5;1.9;2.0;1.0;11.7
41173;Beauce la Romaine;2.9;4.4;15.0;1.0;20.8
42156;Neulise;7.3;2.9;4.0;1.0;16.5
42159;Noirétable;12.7;5.7;9.0;2.0;17.0
42304;Sury-le-Comtal;1.5;1.5;10.0;1.0;16.6
43051;Le Chambon-sur-Lignon;8.3;7.9;19.0;2.0;17.4
43077;Costaros;18.4;9.2;5.0;1.0;32.5
43111;Landos;11.5;8.0;7.0;1.0;25.2
43163;Riotord;8.5;4.2;5.0;1.0;11.0
44067;Guémené-Penfao;5.7;5.3;28.0;3.0;22.3
44098;Missillac;3.7;2.4;13.0;2.0;29.9
44113;Nozay;4.7;4.3;18.0;2.0;3.1
44158;Saint-Étienne-de-Montluc;2.6;1.8;14.0;2.0;29.7
44213;Loireauxence;5.3;3.3;25.0;4.0;22.0
45030;Beaune-la-Rolande;5.0;6.0;12.0;1.0;24.8
45187;Lorris;3.3;4.4;13.0;1.0;19.5
45258;Puiseaux;2.9;3.8;13.0;1.0;24.2
46201;Montcuq-en-Quercy-Blanc;5.5;5.5;10.0;1.0;13.8
46225;Prayssac;8.3;4.5;11.0;2.0;15.0
46231;Puy-l'Évêque;5.2;5.7;11.0;1.0;18.1
47021;Barbaste;13.3;8.0;12.0;2.0;20.1
47052;Casteljaloux;4.4;5.3;24.0;2.0;19.1
47054;Castelmoron-sur-Lot;5.6;5.0;9.0;1.0;17.2
47106;Fumel;2.1;5.9;28.0;1.0;15.4
48061;Florac Trois Rivières;9.6;6.2;13.0;2.0;32.8
48092;Marvejols;4.2;6.4;30.0;2.0;31.2
48094;Massegros Causses Gorges;21.2;14.8;14.0;2.0;20.0
48099;Bourgs sur Colagne;14.3;7.7;16.0;3.0;32.6
49002;Allonnes;3.4;6.1;18.0;1.0;21.4
49215;Montreuil-Bellay;2.7;5.9;22.0;1.0;17.1
49261;Gennes-Val-de-Loire;5.9;6.4;54.0;5.0;21.0
49373;Lys-Haut-Layon;5.2;2.7;21.0;4.0;23.0
50147;Coutances;6.0;5.1;43.0;5.0;20.3
50267;Lessay;4.5;6.7;15.0;1.0;16.7
50393;Percy-en-Normandie;3.8;2.7;7.0;1.0;19.7
53188;Renazé;11.9;5.2;13.0;3.0;19.1
54135;Colombey-les-Belles;6.9;6.2;9.0;1.0;19.7
54425;Piennes;8.1;2.8;7.0;2.0;10.1
54432;Pont-Saint-Vincent;0.0;3.9;7.0;0.0;14.4
55502;Stenay;20.1;6.8;17.0;5.0;28.5
56053;Elven;1.6;1.9;12.0;1.0;31.0
56073;Guémené-sur-Scorff;18.9;14.2;15.0;2.0;24.8
56075;Guer;3.3;5.6;34.0;2.0;22.4
56101;Languidic;0.0;1.9;15.0;0.0;28.7
56143;Muzillac;4.0;3.6;18.0;2.0;27.1
56166;Plouay;1.7;3.3;19.0;1.0;33.9
56190;Réguiny;0.0;6.6;13.0;0.0;21.7
56198;Rohan;6.2;11.2;18.0;1.0;23.8
56222;Saint-Jean-Brévelay;3.5;7.7;22.0;1.0;29.4
56244;Sérent;3.2;3.8;12.0;1.0;24.9
57160;Creutzwald;0.8;4.1;53.0;1.0;16.7
57240;Freyming-Merlebach;2.3;3.7;48.0;3.0;15.2
58134;Imphy;3.1;5.6;18.0;1.0;16.6
58218;Prémery;5.5;3.8;7.0;1.0;15.9
59136;Le Cateau-Cambrésis;4.3;2.4;17.0;3.0;18.1
59153;Condé-sur-l'Escaut;1.1;2.1;20.0;1.0;9.2
59525;Sains-du-Nord;3.6;4.3;12.0;1.0;10.9
60471;Noyon;4.5;3.1;41.0;6.0;15.6
61063;Briouze;6.6;4.6;7.0;1.0;24.8
61168;La Ferté Macé;5.8;3.7;19.0;3.0;19.0
61258;Le Mêle-sur-Sarthe;15.2;9.1;6.0;1.0;20.5
61484;Val-au-Perche;8.8;4.4;15.0;3.0;16.5
61486;Tinchebray-Bocage;2.0;4.7;23.0;1.0;18.5
62186;Bully-les-Mines;0.8;2.0;24.0;1.0;13.7
62361;Frévent;3.0;2.1;7.0;1.0;12.5
62447;Hesdin;4.5;2.7;6.0;1.0;13.1
62534;Lumbres;2.8;3.9;14.0;1.0;19.2
62758;Saint-Martin-Boulogne;0.9;2.9;32.0;1.0;13.8
62907;Libercourt;1.2;3.3;27.0;1.0;14.9
63010;Arlanc;11.1;7.8;14.0;2.0;11.1
63047;La Bourboule;11.4;6.3;11.0;2.0;11.8
63048;Bourg-Lastic;11.5;5.8;5.0;1.0;11.8
63103;Châtel-Guyon;1.6;3.5;22.0;1.0;26.7
63116;Combronde;4.7;3.3;7.0;1.0;20.1
63125;Courpière;5.0;5.7;23.0;2.0;18.3
63165;Giat;12.6;11.3;9.0;1.0;6.8
63236;Mont-Dore;15.7;18.8;24.0;2.0;23.8
63285;Pontgibaud;13.4;9.4;7.0;1.0;23.4
63415;Sauxillanges;7.6;6.9;9.0;1.0;19.5
63457;Vic-le-Comte;1.9;4.2;22.0;1.0;31.3
64410;Mourenx;3.4;5.3;31.0;2.0;15.4
64417;Nay;3.1;6.8;22.0;1.0;16.1
65304;Maubourguet;8.9;6.7;15.0;2.0;21.4
66003;Amélie-les-Bains-Palalda;8.4;4.7;17.0;3.0;13.6
66004;Les Angles;36.6;22.0;12.0;2.0;15.3
66024;Le Boulou;5.6;2.4;13.0;3.0;15.2
67095;Diemeringen;6.3;5.0;8.0;1.0;17.6
67324;Niederbronn-les-Bains;6.9;2.1;9.0;3.0;19.7
67434;Sarre-Union;7.2;5.7;16.0;2.0;18.9
67520;Wasselonne;1.7;3.5;20.0;1.0;18.8
68287;Rouffach;4.8;3.3;14.0;2.0;30.0
69066;Cours;4.6;3.4;15.0;2.0;21.5
69176;Soucieu-en-Jarrest;2.2;2.4;11.0;1.0;25.1
69238;Saint-Symphorien-sur-Coise;5.4;2.7;10.0;2.0;16.4
69287;Saint-Bonnet-de-Mure;0.0;1.0;7.0;0.0;23.3
70026;Arc-lès-Gray;0.0;1.6;4.0;0.0;17.6
70228;Faverney;10.2;7.1;7.0;1.0;26.0
70285;Héricourt;2.8;3.9;41.0;3.0;15.4
70421;Port-sur-Saône;3.4;5.1;15.0;1.0;15.9
70451;Ronchamp;3.6;5.5;15.0;1.0;12.5
70467;Saint-Loup-sur-Semouse;3.3;5.9;18.0;1.0;10.6
71047;Bourbon-Lancy;6.4;5.3;25.0;3.0;21.8
71157;Cuiseaux;5.5;3.3;6.0;1.0;20.4
71190;Épinac;4.7;5.6;12.0;1.0;19.5
71342;Paray-le-Monial;4.3;4.6;42.0;4.0;18.2
71543;Tournus;7.2;4.5;25.0;4.0;16.6
71566;Verdun-sur-le-Doubs;20.5;8.2;8.0;2.0;13.6
72132;La Ferté-Bernard;3.4;4.5;40.0;3.0;19.0
72143;Le Grand-Lucé;5.2;7.8;15.0;1.0;18.2
72179;Malicorne-sur-Sarthe;5.3;4.8;9.0;1.0;13.8
72180;Mamers;3.9;6.1;31.0;2.0;15.2
72205;Montbizot;0.0;2.7;5.0;0.0;18.2
72289;Sainte-Jamme-sur-Sarthe;5.0;4.5;9.0;1.0;23.2
73105;Les Échelles;8.0;2.4;3.0;1.0;20.6
73117;Fourneaux;28.7;4.3;3.0;2.0;13.1
73171;Montmélian;4.9;4.7;19.0;2.0;21.6
74002;Alby-sur-Chéran;3.8;4.1;11.0;1.0;37.2
74137;Groisy;2.5;3.0;12.0;1.0;34.8
74224;La Roche-sur-Foron;2.7;1.8;20.0;3.0;28.9
74276;Taninges;2.9;2.9;10.0;1.0;36.2
76219;Doudeville;8.1;4.4;11.0;2.0;15.9
76254;Étretat;24.2;7.3;9.0;3.0;21.6
76255;Eu;4.5;2.3;15.0;3.0;17.3
76258;Terres-de-Caux;2.4;3.6;15.0;1.0;17.2
76276;Forges-les-Eaux;5.3;5.3;20.0;2.0;12.7
76462;Neufchâtel-en-Bray;6.5;3.7;17.0;3.0;18.3
76711;Le Tréport;4.5;3.6;16.0;2.0;11.7
77159;Donnemarie-Dontilly;3.6;3.3;9.0;1.0;12.2
77316;Moret-Loing-et-Orvanne;2.4;2.7;34.0;3.0;19.6
77379;Provins;4.1;2.1;25.0;5.0;12.8
78062;Beynes;6.6;1.2;9.0;5.0;26.8
78531;Rosny-sur-Seine;1.4;1.9;13.0;1.0;20.9
79195;Nueil-les-Aubiers;3.6;3.2;18.0;2.0;17.3
79299;Saint-Varent;8.3;3.3;8.0;2.0;18.7
80182;Cayeux-sur-Mer;4.1;5.4;13.0;1.0;13.7
81105;Graulhet;3.1;2.6;33.0;4.0;19.3
81219;Puylaurens;3.1;5.3;17.0;1.0;29.2
81271;Saint-Sulpice-la-Pointe;2.1;2.1;20.0;2.0;31.8
82013;Beaumont-de-Lomagne;7.9;6.4;24.0;3.0;30.7
82151;Roquecor;24.9;5.0;2.0;1.0;12.6
83072;Lorgues;2.2;2.3;21.0;2.0;18.9
83107;Roquebrune-sur-Argens;2.8;3.0;43.0;4.0;21.0
83116;Saint-Maximin-la-Sainte-Baume;1.7;2.2;39.0;3.0;20.5
84003;Apt;5.5;4.1;45.0;6.0;13.5
84069;Malaucène;3.7;2.9;8.0;1.0;15.7
84076;Mirabeau;7.2;2.9;4.0;1.0;17.7
84088;Pernes-les-Fontaines;1.0;2.7;28.0;1.0;25.0
84129;Sorgues;2.1;1.8;35.0;4.0;22.2
85128;Luçon;3.1;4.0;38.0;3.0;19.2
85151;Mortagne-sur-Sèvre;1.6;3.1;19.0;1.0;24.6
85154;Mouilleron-Saint-Germain;22.4;3.4;6.0;4.0;24.2
86112;L'Isle-Jourdain;8.6;8.6;10.0;1.0;19.3
86165;Montmorillon;5.1;6.3;37.0;3.0;16.4
86207;La Roche-Posay;6.4;7.6;12.0;1.0;20.4
87059;Le Dorat;13.0;5.2;8.0;2.0;17.5
87106;Nexon;8.0;2.8;7.0;2.0;22.3
88078;Bruyères;3.3;3.6;11.0;1.0;13.8
88310;Monthureux-sur-Saône;0.0;6.7;6.0;0.0;18.3
88351;Plombières-les-Bains;12.8;8.3;13.0;2.0;13.9
89073;Champignelles;11.0;5.5;5.0;1.0;10.5
90053;Grandvillars;3.3;3.0;9.0;1.0;11.3
91200;Dourdan;5.6;2.9;31.0;6.0;19.8
91232;La Ferté-Alais;2.7;3.8;14.0;1.0;20.0
97116;Morne-à-l'Eau;0.6;1.7;27.0;1.0;12.1
97130;Terre-de-Bas;10.6;8.5;8.0;1.0;1.4
97232;Le Vauclin;1.2;1.4;12.0;1.0;12.8
97405;Petite-Île;4.8;2.2;27.0;6.0;12.3
97424;Cilaos;5.4;4.0;22.0;3.0;6.4
;;;;;;
01303;Poncin;5.9;8.3;14.0;1.0;22.5
02360;Villeneuve-sur-Aisne;0.0;5.8;16.0;0.0;19.4
02543;Neuilly-Saint-Front;0.0;4.9;10.0;0.0;13.8
02720;Sissonne;4.8;8.7;18.0;1.0;17.3
02789;Vervins;15.4;5.0;13.0;4.0;18.2
04019;Barcelonnette;11.7;9.0;23.0;3.0;33.2
04166;Riez;12.0;7.8;13.0;2.0;16.1
05046;Embrun;4.7;5.6;36.0;3.0;35.0
06136;Sospel;2.6;4.5;17.0;1.0;15.1
07042;Bourg-Saint-Andéol;2.8;2.8;20.0;2.0;19.0
07181;Le Pouzin;3.5;2.4;7.0;1.0;22.5
07341;Villeneuve-de-Berg;3.3;1.3;4.0;1.0;21.2
08185;Fumay;0.0;4.1;13.0;0.0;9.7
08311;Mouzon;13.5;4.0;9.0;3.0;11.6
08328;Nouzonville;1.8;2.8;16.0;1.0;12.8
09185;Mazères;5.2;4.4;17.0;2.0;27.8
10401;Vendeuvre-sur-Barse;4.3;4.3;10.0;1.0;12.3
11170;Gruissan;1.9;3.5;18.0;1.0;22.7
11203;Lézignan-Corbières;2.7;3.5;39.0;3.0;14.1
11206;Limoux;3.9;4.6;47.0;4.0;17.0
12224;Saint Geniez d'Olt et d'Aubrac;9.0;5.0;11.0;2.0;22.1
13014;Berre-l'Étang;2.9;2.0;28.0;4.0;16.1
13050;Lambesc;3.0;2.4;24.0;3.0;25.1
13084;La Roque-d'Anthéron;1.8;4.1;22.0;1.0;20.4
13110;Trets;1.9;2.3;24.0;2.0;19.5
14371;Livarot-Pays-d'Auge;3.2;2.3;14.0;2.0;15.7
14689;Thury-Harcourt-le-Hom;2.8;6.1;22.0;1.0;22.1
14726;Valdallière;3.5;3.0;17.0;2.0;17.8
14754;Villers-sur-Mer;8.0;6.4;16.0;2.0;21.9
15001;Allanche;25.1;10.1;8.0;2.0;20.6
15083;Jussac;4.9;3.5;7.0;1.0;24.7
15134;Montsalvy;12.3;12.3;10.0;1.0;32.0
15140;Naucelles;4.7;2.8;6.0;1.0;29.9
15141;Neussargues en Pinatelle;17.4;4.6;8.0;3.0;15.1
15153;Pleaux;13.8;8.3;12.0;2.0;10.9
15204;Saint-Paul-des-Landes;6.5;0.0;0.0;1.0;25.7
15258;Vic-sur-Cère;10.7;9.7;18.0;2.0;21.7
16028;Barbezieux-Saint-Hilaire;4.2;4.8;23.0;2.0;21.9
16408;Villebois-Lavalette;14.0;7.0;5.0;1.0;25.0
17024;Aulnay;7.6;9.1;12.0;1.0;29.6
17127;Courçon;10.6;4.3;8.0;2.0;21.4
17219;Marennes-Hiers-Brouage;3.2;2.7;17.0;2.0;15.0
17236;Mirambeau;6.6;8.6;13.0;1.0;18.6
17283;Pons;4.8;4.8;20.0;2.0;17.9
17284;Pont-l'Abbé-d'Arnoult;5.6;6.2;11.0;1.0;23.3
18127;Lignières;14.7;6.6;9.0;2.0;13.9
18141;Mehun-sur-Yèvre;3.1;3.1;20.0;2.0;18.2
18197;Saint-Amand-Montrond;3.2;4.7;45.0;3.0;14.9
18207;Saint-Florent-sur-Cher;3.1;2.3;15.0;2.0;18.2
18223;Saint-Martin-d'Auxigny;4.0;3.2;8.0;1.0;14.8
19028;Bort-les-Orgues;7.7;6.2;16.0;2.0;17.1
19148;Neuvic;24.0;8.4;14.0;4.0;32.7
19276;Uzerche;7.2;5.7;16.0;2.0;20.1
21663;Venarey-les-Laumes;3.6;6.0;17.0;1.0;15.5
21710;Vitteaux;9.4;6.6;7.0;1.0;12.7
22020;Broons;3.4;5.2;15.0;1.0;19.1
22032;Caulnes;4.0;2.0;5.0;1.0;19.2
22172;Plancoët;3.3;3.0;9.0;1.0;23.7
23030;Bourganeuf;8.1;6.5;16.0;2.0;16.3
23061;Chénérailles;13.3;14.6;11.0;1.0;24.8
23075;Dun-le-Palestel;18.3;13.8;15.0;2.0;20.1
24068;Le Buisson-de-Cadouin;15.5;3.6;7.0;3.0;13.1
24167;Eymet;3.9;3.1;8.0;1.0;22.2
24212;Issigeac;13.4;6.7;5.0;1.0;15.9
24223;Lalinde;7.1;8.5;24.0;2.0;18.7
24227;Lanouaille;10.4;5.2;5.0;1.0;19.5
24311;Nontron;9.9;4.6;14.0;3.0;15.6
24354;La Roche-Chalais;6.6;4.7;14.0;2.0;10.4
25156;Pays-de-Clerval;8.8;7.9;9.0;1.0;14.7
25578;Valdahon;3.5;3.3;19.0;2.0;22.2
26074;La Chapelle-en-Vercors;13.8;20.7;15.0;1.0;48.1
26113;Die;8.4;3.8;18.0;4.0;22.5
26333;Saint-Vallier;7.5;4.7;19.0;3.0;15.7
27016;Les Andelys;2.5;3.2;26.0;2.0;13.7
27022;Le Val d'Hazey;1.9;3.0;16.0;1.0;14.6
27112;Breteuil;2.3;3.7;16.0;1.0;12.2
27226;Étrépagny;2.7;3.8;14.0;1.0;16.2
27284;Gisors;2.5;2.3;27.0;3.0;13.5
27413;Montfort-sur-Risle;0.0;7.7;6.0;0.0;26.8
27438;Nonancourt;4.4;4.4;10.0;1.0;14.1
27469;Pont-de-l'Arche;2.4;3.6;15.0;1.0;21.2
27502;Rugles;0.0;3.2;7.0;0.0;14.0
28089;Châteauneuf-en-Thymerais;3.8;4.6;12.0;1.0;19.9
29117;Lannilis;1.8;3.2;18.0;1.0;33.4
29124;Lesneven;2.7;4.8;35.0;2.0;30.3
29160;Plabennec;1.2;2.5;21.0;1.0;37.2
29178;Ploudalmézeau;1.6;3.2;20.0;1.0;31.6
29220;Pont-l'Abbé;4.8;3.3;28.0;4.0;20.1
29259;Saint-Pol-de-Léon;3.0;3.0;20.0;2.0;26.9
29274;Scaër;1.9;3.2;17.0;1.0;13.4
29277;Sizun;4.3;3.5;8.0;1.0;21.9
29293;Trégunc;1.4;2.7;19.0;1.0;25.7
2A228;Pietrosella;5.1;1.0;2.0;1.0;19.0
2A272;Sartène;8.8;2.6;9.0;3.0;20.5
2B123;Ghisonaccia;2.4;2.4;10.0;1.0;12.2
2B134;L'Île-Rousse;0.0;3.4;11.0;0.0;21.5
30003;Aigues-Mortes;3.5;2.2;19.0;3.0;16.3
30012;Aramon;2.4;4.3;18.0;1.0;23.1
30227;Saint-Ambroix;0.0;4.8;16.0;0.0;12.6
30341;Vauvert;0.9;2.4;27.0;1.0;18.6
31020;Aspet;11.3;11.3;10.0;1.0;29.4
31106;Caraman;7.9;3.2;8.0;2.0;31.1
31232;Grenade;2.3;2.1;19.0;2.0;24.4
31324;Martres-Tolosane;8.3;4.6;11.0;2.0;20.2
31396;Nailloux;2.5;3.3;13.0;1.0;25.9
31503;Saint-Martory;0.0;3.8;4.0;0.0;18.5
32106;Cologne;0.0;7.5;7.0;0.0;9.9
32107;Condom;6.2;4.9;32.0;4.0;27.3
32208;Lectoure;16.3;5.2;19.0;6.0;37.5
32249;Mauvezin;8.9;7.2;16.0;2.0;27.8
32252;Miélan;0.0;9.8;11.0;0.0;27.2
32256;Mirande;8.7;6.4;22.0;3.0;30.0
32285;Montesquiou;17.5;10.5;6.0;1.0;17.6
32426;Seissan;9.1;6.4;7.0;1.0;22.5
32459;Valence-sur-Baïse;0.0;5.4;6.0;0.0;17.2
33067;Bourg;8.7;4.3;10.0;2.0;15.3
33081;Cadillac-sur-Garonne;10.5;4.6;13.0;3.0;18.0
33352;La Réole;6.9;5.3;23.0;3.0;13.5
33366;Saint-André-de-Cubzac;1.6;2.0;25.0;2.0;15.5
34245;Saint-Chinian;5.9;4.7;8.0;1.0;17.1
34293;La Salvetat-sur-Agout;8.9;10.6;12.0;1.0;6.3
35037;Bréal-sous-Montfort;4.6;1.2;8.0;3.0;30.0
35049;Cancale;3.8;2.1;11.0;2.0;31.6
35085;Combourg;4.9;2.8;17.0;3.0;24.9
35093;Dinard;2.9;2.2;23.0;3.0;30.9
35095;Dol-de-Bretagne;3.5;2.1;12.0;2.0;21.1
35125;La Guerche-de-Bretagne;4.7;3.1;13.0;2.0;20.2
35136;Janzé;2.3;1.5;13.0;2.0;27.3
35207;Noyal-sur-Vilaine;3.3;2.8;17.0;2.0;31.3
35219;Pipriac;2.6;0.5;2.0;1.0;35.5
35222;Pleine-Fougères;5.1;3.0;6.0;1.0;17.5
35227;Pleumeleuc;2.9;1.7;6.0;1.0;27.1
35228;Pleurtuit;4.3;1.6;11.0;3.0;25.1
35253;Saint-Aubin-du-Cormier;4.9;3.5;14.0;2.0;29.0
35308;Mesnil-Roc'h;4.6;2.3;10.0;2.0;17.6
35337;Tinténiac;2.6;5.6;21.0;1.0;31.6
36208;Sainte-Sévère-sur-Indre;12.9;10.3;8.0;1.0;25.0
36241;Villedieu-sur-Indre;3.7;2.6;7.0;1.0;19.4
37115;Descartes;12.0;6.0;20.0;4.0;13.2
37119;L'Île-Bouchard;13.2;5.3;8.0;2.0;19.6
37132;Loches;9.7;3.1;19.0;6.0;18.9
37189;Preuilly-sur-Claise;9.9;9.9;10.0;1.0;16.0
37196;Richelieu;18.1;7.3;12.0;3.0;11.1
38314;Pontcharra;4.1;1.9;14.0;3.0;22.5
38416;Saint-Marcellin;3.9;2.1;16.0;3.0;19.4
38509;La Tour-du-Pin;2.5;3.6;29.0;2.0;19.1
38548;Villard-de-Lans;4.7;3.5;15.0;2.0;42.3
39013;Arbois;12.3;3.4;11.0;4.0;20.0
39016;Arinthod;9.0;9.0;10.0;1.0;23.3
40001;Aire-sur-l'Adour;4.8;4.0;25.0;3.0;25.5
40282;Saint-Sever;6.1;3.0;15.0;3.0;31.7
41106;Lamotte-Beuvron;4.3;3.0;14.0;2.0;17.8
41198;Saint-Aignan;7.0;5.6;16.0;2.0;17.4
41232;Salbris;2.0;5.3;26.0;1.0;20.5
43012;Aurec-sur-Loire;3.2;3.6;22.0;2.0;19.4
43040;Brioude;3.1;4.1;27.0;2.0;18.1
43080;Craponne-sur-Arzon;10.2;5.1;10.0;2.0;15.4
43137;Monistrol-sur-Loire;2.2;2.9;26.0;2.0;29.3
43177;Saint-Didier-en-Velay;2.9;3.5;12.0;1.0;32.6
43205;Saint-Just-Malmont;4.7;1.9;8.0;2.0;22.3
43224;Sainte-Sigolène;3.3;2.0;12.0;2.0;19.8
43244;Tence;6.5;5.8;18.0;2.0;18.5
44043;Clisson;2.7;4.0;30.0;2.0;27.9
44071;Haute-Goulaine;1.7;2.2;13.0;1.0;29.4
44129;Pontchâteau;1.8;3.4;37.0;2.0;27.5
44186;Sainte-Pazanne;1.4;2.4;17.0;1.0;31.9
45146;La Ferté-Saint-Aubin;2.7;2.4;18.0;2.0;21.4
45224;Neuville-aux-Bois;2.0;3.8;19.0;1.0;28.7
46029;Biars-sur-Cère;10.0;4.0;8.0;2.0;18.6
46066;Cazals;15.6;9.3;6.0;1.0;13.7
46128;Gramat;8.6;4.3;15.0;3.0;24.4
46148;Lalbenque;5.4;5.4;10.0;1.0;23.2
46182;Luzech;11.3;7.9;14.0;2.0;19.1
47015;Astaffort;4.9;4.4;9.0;1.0;18.8
47175;Monflanquin;4.3;6.8;16.0;1.0;24.1
47195;Nérac;7.3;3.4;23.0;5.0;24.9
47210;Port-Sainte-Marie;5.4;3.3;6.0;1.0;18.1
48075;Ispagnac;11.1;6.7;6.0;1.0;16.5
48156;Saint-Germain-du-Teil;11.6;3.5;3.0;1.0;30.9
49018;Baugé-en-Anjou;4.3;5.7;67.0;5.0;19.8
49125;Doué-en-Anjou;1.8;3.3;37.0;2.0;20.0
50003;Agon-Coutainville;7.0;6.6;19.0;2.0;46.1
50074;Brécey;4.6;8.3;18.0;1.0;20.1
50237;La Haye-Pesnel;7.9;6.3;8.0;1.0;18.2
50412;Port-Bail-sur-Mer;7.9;3.5;9.0;2.0;24.5
50487;Saint-James;2.0;4.9;24.0;1.0;18.1
50539;Saint-Pierre-Église;5.5;7.7;14.0;1.0;23.1
50562;Saint-Vaast-la-Hougue;11.8;7.6;13.0;2.0;19.6
51250;Fismes;1.7;3.1;18.0;1.0;13.5
51388;Mourmelon-le-Grand;1.9;6.4;33.0;1.0;14.1
51423;Pargny-sur-Saulx;5.8;7.5;13.0;1.0;11.5
51531;Sermaize-les-Bains;5.6;8.4;15.0;1.0;24.8
52064;Bourmont-entre-Meuse-et-Mouzon;39.0;11.7;9.0;3.0;16.2
52114;Châteauvillain;6.4;3.8;6.0;1.0;16.3
52177;Doulaincourt-Saucourt;12.8;12.8;10.0;1.0;74.2
52353;Nogent;5.6;3.6;13.0;2.0;17.7
52444;Saint-Blin;28.8;14.4;5.0;1.0;10.2
53077;Cossé-le-Vivien;9.3;5.0;16.0;3.0;36.4
53127;Lassay-les-Châteaux;4.5;4.0;9.0;1.0;24.6
53147;Mayenne;4.7;4.4;56.0;6.0;32.8
53185;Pré-en-Pail-Saint-Samson;4.4;5.2;12.0;1.0;25.8
53271;Villaines-la-Juhel;3.7;5.9;16.0;1.0;26.0
54039;Baccarat;7.2;2.9;12.0;3.0;17.8
54129;Cirey-sur-Vezouze;6.2;8.8;14.0;1.0;10.3
54397;Neuves-Maisons;1.5;2.1;14.0;1.0;28.9
54400;Nomeny;8.8;7.0;8.0;1.0;18.1
54563;Vézelise;0.0;3.7;5.0;0.0;15.3
55063;Bouligny;4.1;4.5;11.0;1.0;11.0
56010;Baud;4.8;3.2;20.0;3.0;26.2
56067;Grand-Champ;0.0;4.6;26.0;0.0;35.3
56117;Locminé;4.4;6.1;28.0;2.0;25.6
56123;Malansac;4.5;5.0;11.0;1.0;24.1
56152;Le Palais;7.9;4.7;12.0;2.0;14.8
57132;Château-Salins;8.7;6.5;15.0;2.0;24.3
57177;Dieuze;7.2;8.9;25.0;2.0;26.7
58059;La Charité-sur-Loire;8.6;4.5;21.0;4.0;16.0
58149;Luzy;10.0;5.5;11.0;2.0;19.2
59036;Avesnes-sur-Helpe;7.2;5.8;24.0;3.0;12.1
60103;Bresles;2.5;3.0;12.0;1.0;15.7
60178;Crèvecœur-le-Grand;2.9;4.3;15.0;1.0;12.9
60245;Formerie;4.7;5.2;11.0;1.0;15.9
60286;Grandvilliers;3.6;5.7;16.0;1.0;13.9
60333;Lachapelle-aux-Pots;0.0;2.5;4.0;0.0;12.9
60509;Pont-Sainte-Maxence;1.6;2.2;27.0;2.0;17.6
61145;Domfront en Poiraie;2.4;2.6;11.0;1.0;17.6
61153;Écouché-les-Vallées;4.5;3.6;8.0;1.0;20.9
61293;Mortagne-au-Perche;13.3;2.7;10.0;5.0;16.1
61345;Rémalard en Perche;5.3;7.4;14.0;1.0;15.4
62048;Auchel;2.0;3.5;36.0;2.0;11.2
62194;Calonne-Ricouart;1.8;3.1;17.0;1.0;10.2
62894;Wimille;7.6;2.3;9.0;3.0;19.6
63003;Ambert;4.5;3.0;20.0;3.0;18.0
63004;Les Ancizes-Comps;11.7;3.5;6.0;2.0;20.3
63009;Ardes;16.7;15.1;9.0;1.0;5.3
63038;Besse-et-Saint-Anastaise;13.6;16.9;25.0;2.0;27.8
63245;Mozac;5.2;2.3;9.0;2.0;20.7
63283;Pontaumur;15.8;15.8;10.0;1.0;22.3
63295;Randan;12.4;4.3;7.0;2.0;10.8
63305;Rochefort-Montagne;11.8;5.9;5.0;1.0;26.2
63338;Saint-Éloy-les-Mines;2.9;7.7;27.0;1.0;13.6
63352;Saint-Germain-Lembron;5.0;4.0;8.0;1.0;19.6
64260;Hendaye;2.3;2.6;45.0;4.0;21.8
64513;Sauveterre-de-Béarn;0.0;8.0;11.0;0.0;22.2
65129;Castelnau-Magnoac;12.6;8.8;7.0;1.0;20.4
65388;Saint-Lary-Soulan;23.9;13.1;11.0;2.0;18.1
66025;Bourg-Madame;8.3;9.1;11.0;1.0;25.4
66088;Ille-sur-Têt;1.8;2.5;14.0;1.0;16.0
66167;Saillagouse;8.5;6.0;7.0;1.0;16.8
66187;Saint-Paul-de-Fenouillet;11.2;6.7;12.0;2.0;16.4
67066;La Broque;3.8;2.7;7.0;1.0;17.1
67222;Ingwiller;2.5;1.7;7.0;1.0;15.5
67300;Molsheim;3.2;4.0;37.0;3.0;25.8
67388;Reichshoffen;5.5;1.7;9.0;3.0;16.5
67544;Wissembourg;8.0;3.9;29.0;6.0;17.8
68004;Altkirch;10.6;3.7;21.0;6.0;24.0
69006;Amplepuis;4.1;5.5;27.0;2.0;18.9
69201;Sainte-Foy-l'Argentière;7.8;7.0;9.0;1.0;12.5
70279;Gray;5.4;8.5;47.0;3.0;17.4
70311;Luxeuil-les-Bains;4.5;3.8;25.0;3.0;19.0
70482;Scey-sur-Saône-et-Saint-Albin;13.0;7.8;12.0;2.0;26.2
71176;Digoin;2.6;3.7;28.0;2.0;16.2
71230;Gueugnon;4.5;4.3;29.0;3.0;17.3
71263;Louhans;6.2;4.5;29.0;4.0;20.0
72050;Brûlon;0.0;12.4;19.0;0.0;16.8
72168;Loué;4.8;7.8;16.0;1.0;19.3
72176;Le Lude;9.8;8.5;35.0;4.0;16.0
72269;Saint-Calais;9.6;8.3;26.0;3.0;18.9
72276;Saint-Cosme-en-Vairais;5.3;5.3;10.0;1.0;18.2
72329;Savigné-l'Évêque;2.5;3.4;14.0;1.0;22.3
72373;Vibraye;4.0;8.4;21.0;1.0;19.7
73054;Bourg-Saint-Maurice;5.6;4.5;32.0;4.0;30.5
73157;Modane;6.6;6.6;20.0;2.0;24.7
73181;Moûtiers;8.7;1.2;4.0;3.0;21.4
73204;Le Pont-de-Beauvoisin;9.7;1.0;2.0;2.0;15.1
73215;Valgelon-La Rochette;2.4;3.4;14.0;1.0;25.4
73248;Saint-Jean-de-Maurienne;2.6;2.4;18.0;2.0;25.7
74043;Bons-en-Chablais;1.7;1.0;6.0;1.0;20.0
74096;Cruseilles;4.3;2.1;10.0;2.0;32.8
74123;Faverges-Seythenex;2.6;2.6;20.0;2.0;20.8
74280;Thônes;4.5;3.2;21.0;3.0;35.6
74282;Fillière;6.3;2.5;24.0;6.0;29.7
76222;Duclair;2.5;4.2;17.0;1.0;24.0
76495;Pavilly;0.0;3.7;23.0;0.0;14.4
76709;Le Trait;4.1;2.5;12.0;2.0;10.2
77142;Crécy-la-Chapelle;6.3;2.9;14.0;3.0;19.9
77182;La Ferté-Gaucher;2.1;3.3;16.0;1.0;11.2
77183;La Ferté-sous-Jouarre;1.0;2.7;26.0;1.0;15.9
77385;Rebais;4.4;2.6;6.0;1.0;16.9
78003;Ablis;2.8;2.8;10.0;1.0;19.5
78255;Freneuse;2.3;1.6;7.0;1.0;12.8
79057;Brioux-sur-Boutonne;6.9;9.0;13.0;1.0;26.9
79101;Coulonges-sur-l'Autize;4.3;4.7;11.0;1.0;26.5
79170;Mauzé-sur-le-Mignon;3.5;5.2;15.0;1.0;18.4
79270;Saint-Maixent-l'École;1.4;5.2;38.0;1.0;15.2
80013;Airaines;4.3;3.4;8.0;1.0;14.2
80186;Chaulnes;5.0;6.5;13.0;1.0;25.6
80211;Conty;5.5;6.6;12.0;1.0;22.2
80253;Doullens;8.5;5.1;30.0;5.0;14.9
80585;Nesle;4.3;4.8;11.0;1.0;19.3
81192;Murat-sur-Vèbre;11.5;3.5;3.0;1.0;6.9
82037;Caussade;4.4;5.6;38.0;3.0;18.7
82038;Caylus;13.4;2.7;4.0;2.0;11.3
82042;Cazes-Mondenard;8.3;5.0;6.0;1.0;14.6
83007;Aups;4.3;4.3;10.0;1.0;20.6
83016;Le Beausset;1.0;1.6;16.0;1.0;20.2
83086;Le Muy;1.1;2.4;23.0;1.0;15.1
84123;Sault;14.7;7.4;10.0;2.0;21.1
85020;Benet;2.5;3.5;14.0;1.0;26.0
85051;Chantonnay;4.7;3.4;29.0;4.0;29.7
85070;Coëx;3.0;2.7;9.0;1.0;23.0
85222;Saint-Gilles-Croix-de-Vie;2.5;3.5;28.0;2.0;29.0
86140;Lussac-les-Châteaux;8.8;3.5;8.0;2.0;22.0
86160;Mirebeau;4.7;4.7;10.0;1.0;16.2
87032;Châlus;6.1;4.3;7.0;1.0;13.0
87041;Châteauponsac;9.8;2.9;6.0;2.0;14.6
87154;Saint-Junien;3.5;2.9;33.0;4.0;22.4
88090;Charmes;2.2;3.7;17.0;1.0;13.4
88349;Plainfaing;0.0;2.5;4.0;0.0;11.8
88367;Rambervillers;2.0;3.4;17.0;1.0;14.8
88530;Xertigny;3.9;8.9;23.0;1.0;14.2
89025;Avallon;9.4;4.5;29.0;6.0;17.1
89368;Saint-Sauveur-en-Puisaye;33.5;10.1;9.0;3.0;15.1
89419;Toucy;7.7;6.6;17.0;2.0;23.3
90052;Giromagny;6.9;5.5;16.0;2.0;15.7
91111;Briis-sous-Forges;5.9;3.5;12.0;2.0;26.5
97117;Le Moule;1.8;1.8;39.0;4.0;14.1
97227;Sainte-Luce;1.1;2.1;20.0;1.0;14.3
97228;Sainte-Marie;0.7;2.3;34.0;1.0;10.1
97353;Maripasoula;1.0;0.7;7.0;1.0;1.3
97362;Papaichton;1.8;0.4;2.0;1.0;1.8
97404;L'Étang-Salé;1.5;3.4;46.0;2.0;21.6
97419;Sainte-Rose;1.6;3.7;23.0;1.0;10.1
97423;Les Trois-Bassins;1.4;4.0;28.0;1.0;17.5
;;;;;;
01143;Divonne-les-Bains;2.0;3.0;30.0;2.0;25.9
01173;Gex;1.5;1.4;18.0;2.0;21.1
01388;Saint-Trivier-de-Courtes;9.0;7.2;8.0;1.0;19.3
02018;Anizy-le-Grand;3.9;7.0;18.0;1.0;18.3
02095;Bohain-en-Vermandois;5.3;3.3;19.0;3.0;10.0
02334;Fresnoy-le-Grand;3.4;4.1;12.0;1.0;12.4
02558;Le Nouvion-en-Thiérache;4.0;6.3;16.0;1.0;11.3
02666;Rozoy-sur-Serre;10.3;6.2;6.0;1.0;20.1
03084;Cosne-d'Allier;4.9;6.4;13.0;1.0;24.1
03102;Dompierre-sur-Besbre;6.6;5.0;15.0;2.0;18.7
03186;Montmarault;6.6;5.9;9.0;1.0;17.4
03236;Saint-Germain-des-Fossés;2.7;4.1;15.0;1.0;15.1
03254;Saint-Pourçain-sur-Sioule;3.9;3.1;16.0;2.0;22.0
03292;Tronget;11.3;4.5;4.0;1.0;43.9
04008;Annot;9.8;8.8;9.0;1.0;15.3
04173;Saint-André-les-Alpes;9.9;18.7;19.0;1.0;30.9
04205;Seyne;0.0;9.5;13.0;0.0;24.8
05040;Chorges;3.2;10.7;33.0;1.0;27.6
05170;Tallard;4.4;8.3;19.0;1.0;28.3
06099;Puget-Théniers;5.5;5.5;10.0;1.0;13.9
07346;Viviers;2.7;1.9;7.0;1.0;17.6
08025;Attigny;9.0;2.7;3.0;1.0;26.3
08090;Carignan;7.0;4.5;13.0;2.0;14.5
08190;Givet;4.7;4.9;31.0;3.0;12.5
08302;Monthermé;4.6;5.9;13.0;1.0;17.7
08367;Rocroi;4.4;4.0;9.0;1.0;14.4
09032;Ax-les-Thermes;15.6;13.2;17.0;2.0;29.5
09160;Lavelanet;6.6;3.8;23.0;4.0;14.1
09194;Mirepoix;6.4;3.9;12.0;2.0;33.0
09261;Saint-Girons;3.1;3.7;24.0;2.0;23.3
09282;Saverdun;4.2;2.7;13.0;2.0;23.3
10420;Villenauxe-la-Grande;3.7;3.0;8.0;1.0;8.1
12056;Baraqueville;6.3;5.4;17.0;2.0;37.9
12119;Laguiole;8.1;7.3;9.0;1.0;28.4
12169;Naucelle;4.9;7.9;16.0;1.0;29.2
13027;Châteaurenard;1.9;2.0;32.0;3.0;20.9
13078;Port-Saint-Louis-du-Rhône;4.8;2.9;24.0;4.0;12.0
14100;Bretteville-sur-Laize;10.5;6.3;12.0;2.0;19.8
14257;Évrecy;5.0;3.5;7.0;1.0;24.3
14258;Falaise;6.4;4.3;34.0;5.0;20.4
14370;Le Molay-Littry;9.9;2.3;7.0;3.0;16.2
14384;Luc-sur-Mer;3.1;4.3;14.0;1.0;29.5
14488;Ouistreham;2.1;3.4;32.0;2.0;20.9
14516;Potigny;4.8;3.9;8.0;1.0;17.7
14658;Noues de Sienne;2.3;3.9;17.0;1.0;12.6
15054;Condat;10.2;7.1;7.0;1.0;18.4
15094;Laroquebrou;12.4;2.5;2.0;1.0;18.8
15122;Maurs;4.7;5.2;11.0;1.0;20.7
15152;Pierrefort;11.0;11.0;10.0;1.0;16.2
15162;Riom-ès-Montagnes;8.1;4.5;11.0;2.0;21.7
15221;Sansac-de-Marmiesse;0.0;3.0;4.0;0.0;28.6
15255;Vézac;7.9;3.9;5.0;1.0;32.4
16090;Châteauneuf-sur-Charente;2.8;3.4;12.0;1.0;16.3
16167;Jarnac;4.5;3.1;14.0;2.0;21.7
17218;Marans;4.4;4.7;21.0;2.0;30.1
17241;Montguyon;12.8;4.5;7.0;2.0;22.0
17309;Saint-Aigulin;5.3;5.8;11.0;1.0;21.2
17385;Saint-Pierre-d'Oléron;6.1;2.7;18.0;4.0;18.8
17434;Surgères;2.9;2.6;18.0;2.0;19.5
18015;Aubigny-sur-Nère;3.6;3.6;20.0;2.0;20.6
18109;Henrichemont;5.8;6.4;11.0;1.0;15.2
19010;Argentat-sur-Dordogne;10.4;5.5;16.0;3.0;23.2
19019;Beaulieu-sur-Dordogne;15.5;5.4;7.0;2.0;21.7
19023;Beynat;8.0;10.4;13.0;1.0;36.5
19073;Égletons;7.0;7.5;32.0;3.0;18.7
19269;Treignac;7.9;7.9;10.0;1.0;23.9
19275;Ussel;6.5;3.9;36.0;6.0;26.3
21023;Arnay-le-Duc;7.3;5.8;8.0;1.0;17.0
21038;Auxonne;3.9;3.9;30.0;3.0;18.4
21317;Is-sur-Tille;2.3;5.0;22.0;1.0;23.4
21584;Saulieu;12.8;5.5;13.0;3.0;12.4
22203;Plœuc-L'Hermitage;4.9;5.1;21.0;2.0;22.0
22206;Châtelaudren-Plouagat;2.5;2.5;10.0;1.0;23.7
22266;Rostrenen;6.4;6.7;21.0;2.0;21.4
23021;Bénévent-l'Abbaye;13.1;7.9;6.0;1.0;33.9
23067;La Courtine;25.1;15.0;12.0;2.0;8.4
23093;Gouzon;6.4;4.5;7.0;1.0;25.3
23247;Saint-Vaury;5.8;12.1;21.0;1.0;32.7
24035;Pays de Belvès;7.5;6.0;8.0;1.0;26.0
24064;Brantôme en Périgord;10.8;3.0;11.0;4.0;15.2
24299;Mussidan;14.3;3.6;10.0;4.0;15.3
24352;Ribérac;5.2;6.3;24.0;2.0;17.0
24376;Saint Aulaye-Puymangou;14.1;7.7;11.0;2.0;21.1
24547;Terrasson-Lavilledieu;6.4;5.3;33.0;4.0;12.9
24550;Thenon;8.0;7.2;9.0;1.0;21.0
25259;Frasne;5.2;5.7;11.0;1.0;26.1
25463;Pont-de-Roide-Vermondans;4.9;5.1;21.0;2.0;16.6
26108;Crest;2.3;2.4;21.0;2.0;22.6
26220;Nyons;4.5;2.4;16.0;3.0;12.4
26301;Saint-Donat-sur-l'Herbasse;4.7;3.5;15.0;2.0;22.4
27049;Mesnil-en-Ouche;2.2;4.5;20.0;1.0;15.4
27065;Beuzeville;2.1;3.0;14.0;1.0;14.4
27165;Conches-en-Ouche;6.1;3.2;16.0;3.0;15.4
27170;Cormeilles;0.0;8.4;10.0;0.0;24.5
27230;Ézy-sur-Eure;2.7;2.7;10.0;1.0;15.6
27428;Le Neubourg;7.1;4.9;21.0;3.0;18.1
27467;Pont-Audemer;7.1;3.8;38.0;7.0;30.8
28140;Épernon;5.4;2.5;14.0;3.0;14.7
28373;Senonches;6.7;3.3;10.0;2.0;14.4
28393;Tremblay-les-Villages;4.5;4.9;11.0;1.0;17.6
29026;Châteaulin;5.8;7.6;39.0;3.0;16.9
29027;Châteauneuf-du-Faou;2.7;4.1;15.0;1.0;17.1
29042;Crozon;2.7;4.6;34.0;2.0;22.1
29055;Le Folgoët;3.1;1.9;6.0;1.0;28.5
29081;Huelgoat;14.2;6.4;9.0;2.0;13.7
29103;Landerneau;1.9;2.6;41.0;3.0;29.7
29210;Plouvorn;3.5;4.2;12.0;1.0;29.9
29241;Rosporden;2.6;2.9;22.0;2.0;19.0
2B298;Saint-Florent;11.8;5.3;9.0;2.0;25.3
30062;Calvisson;3.4;1.9;11.0;2.0;23.8
30202;Pont-Saint-Esprit;2.9;1.9;20.0;3.0;17.3
30221;Roquemaure;1.8;2.7;15.0;1.0;18.7
30258;Saint-Gilles;2.8;1.8;25.0;4.0;14.7
30269;Saint-Jean-du-Gard;8.2;7.4;18.0;2.0;16.5
31080;Boulogne-sur-Gesse;12.1;6.0;10.0;2.0;22.1
31098;Cadours;9.1;12.7;14.0;1.0;28.2
31135;Cazères;4.2;3.6;17.0;2.0;16.5
31202;Fronton;3.1;3.9;25.0;2.0;26.2
32096;Cazaubon;12.0;11.4;19.0;2.0;17.0
32242;Masseube;13.3;14.0;21.0;2.0;25.3
32370;Saint-Clar;9.5;9.5;10.0;1.0;25.6
33058;Blaye;6.1;3.5;17.0;3.0;18.3
33138;Coutras;1.2;1.6;14.0;1.0;16.2
33314;Pauillac;3.9;4.5;23.0;2.0;17.3
34028;Bédarieux;5.2;4.4;25.0;3.0;23.4
34143;Loupian;4.5;5.0;11.0;1.0;20.8
35162;Louvigné-du-Désert;3.0;2.7;9.0;1.0;20.3
35177;La Mézière;4.1;1.0;5.0;2.0;31.1
35251;Saint-Aubin-d'Aubigné;2.4;3.2;13.0;1.0;30.6
36018;Le Blanc;4.8;7.9;49.0;3.0;17.5
36192;Saint-Gaultier;5.8;8.1;14.0;1.0;17.9
37027;Bléré;1.9;4.2;22.0;1.0;21.9
37062;Château-la-Vallière;5.8;6.4;11.0;1.0;20.3
38315;Le Pont-de-Beauvoisin;5.6;5.6;20.0;2.0;32.2
38412;Saint-Laurent-du-Pont;4.4;2.7;12.0;2.0;24.9
39434;Poligny;7.5;4.2;17.0;3.0;18.5
40117;Grenade-sur-l'Adour;4.1;5.7;14.0;1.0;25.7
40201;Mugron;15.0;7.5;10.0;2.0;25.8
41149;Montoire-sur-le-Loir;2.7;4.3;16.0;1.0;22.5
41154;Morée;9.2;7.4;8.0;1.0;22.8
42019;Boën-sur-Lignon;6.6;5.3;16.0;2.0;18.9
42023;Bourg-Argental;10.2;3.4;10.0;3.0;21.9
42059;Chazelles-sur-Lyon;3.7;3.1;17.0;2.0;22.2
42094;Feurs;3.6;2.9;24.0;3.0;21.5
42168;Pélussin;5.4;4.6;17.0;2.0;24.4
42230;Saint-Germain-Laval;12.4;4.3;7.0;2.0;19.3
42249;Saint-Just-la-Pendue;6.0;3.6;6.0;1.0;13.9
43016;Auzon;11.0;4.4;4.0;1.0;17.5
43042;Cayres;14.3;8.6;6.0;1.0;13.3
43087;Dunières;7.5;3.4;9.0;2.0;22.3
43148;Paulhaguet;11.6;6.9;6.0;1.0;17.5
43154;Pradelles;18.3;11.0;6.0;1.0;12.0
43162;Retournac;10.0;4.4;13.0;3.0;16.0
44003;Ancenis-Saint-Géréon;2.7;5.6;62.0;3.0;28.9
44069;Guérande;3.1;2.7;43.0;5.0;33.4
44110;Nort-sur-Erdre;3.3;2.8;26.0;3.0;30.4
44131;Pornic;1.8;2.7;45.0;3.0;26.9
44154;Saint-Brevin-les-Pins;1.4;3.0;43.0;2.0;24.3
44188;Saint-Philbert-de-Grand-Lieu;2.2;2.9;27.0;2.0;31.6
45085;Châtillon-Coligny;10.7;7.5;14.0;2.0;8.4
45191;Le Malesherbois;1.2;2.4;19.0;1.0;13.3
45248;Patay;4.4;4.8;11.0;1.0;20.5
46127;Gourdon;5.1;4.5;18.0;2.0;20.6
46143;Lacapelle-Marival;7.8;8.6;11.0;1.0;21.8
46297;Salviac;8.3;6.6;8.0;1.0;15.2
47057;Castillonnès;14.6;6.6;9.0;2.0;23.9
47252;Sainte-Livrade-sur-Lot;6.2;1.8;12.0;4.0;20.4
47324;Villeréal;7.8;3.1;4.0;1.0;20.9
48034;La Canourgue;4.8;4.8;10.0;1.0;40.8
48038;Bel-Air-Val-d'Ance;18.3;7.3;4.0;1.0;18.8
48146;Gorges du Tarn Causses;11.0;14.4;13.0;1.0;18.9
49127;Durtal;3.0;6.0;20.0;1.0;21.0
50025;Avranches;3.9;4.6;47.0;4.0;24.5
50341;Montebourg;4.9;2.9;6.0;1.0;14.5
50394;Périers;4.5;4.0;9.0;1.0;17.4
50410;Pontorson;2.3;4.1;18.0;1.0;13.9
50484;Saint-Hilaire-du-Harcouët;3.5;4.5;26.0;2.0;14.8
50565;Sartilly-Baie-Bocage;3.5;4.2;12.0;1.0;21.6
50582;Sourdeval;3.2;3.9;12.0;1.0;15.0
50591;Le Teilleul;6.0;3.0;5.0;1.0;16.9
50615;Valognes;4.4;2.5;17.0;3.0;21.6
51217;Dormans;3.4;7.5;22.0;1.0;12.0
51248;Fère-Champenoise;4.6;5.5;12.0;1.0;16.5
51380;Montmirail;5.6;5.6;20.0;2.0;15.9
51535;Sézanne;4.2;4.2;20.0;2.0;20.2
52017;Arc-en-Barrois;13.8;11.1;8.0;1.0;12.1
52060;Bourbonne-les-Bains;15.2;6.6;13.0;3.0;14.7
52093;Chalindrey;4.2;4.6;11.0;1.0;12.8
52211;Froncles;7.1;5.7;8.0;1.0;16.0
52250;Joinville;10.0;7.0;21.0;3.0;12.3
52331;La Porte du Der;4.5;5.4;12.0;1.0;24.8
52550;Wassy;3.6;4.7;13.0;1.0;18.5
53097;Évron;4.6;5.0;43.0;4.0;27.5
53182;Port-Brillet;5.6;5.0;9.0;1.0;27.6
54076;Blainville-sur-l'Eau;5.1;2.8;11.0;2.0;17.6
54099;Val de Briey;2.5;6.7;54.0;2.0;19.5
54273;Jarny;3.7;3.3;27.0;3.0;17.3
54280;Jœuf;3.0;2.9;19.0;2.0;12.9
54431;Pont-à-Mousson;2.1;4.4;63.0;3.0;22.1
55291;Ligny-en-Barrois;2.6;2.8;11.0;1.0;15.3
56007;Auray;2.8;2.8;39.0;4.0;25.0
56061;La Gacilly;7.5;7.8;31.0;3.0;25.8
56066;Gourin;5.3;6.6;25.0;2.0;23.8
56083;Hennebont;1.9;3.2;50.0;3.0;22.2
56147;Nivillac;2.1;4.0;19.0;1.0;30.6
56195;La Roche-Bernard;28.8;7.2;5.0;2.0;25.4
57106;Bouzonville;2.5;4.8;19.0;1.0;19.0
58079;Clamecy;8.3;6.4;23.0;3.0;19.8
58131;Guérigny;4.0;3.6;9.0;1.0;22.9
58232;Saint-Benin-d'Azy;7.9;5.5;7.0;1.0;32.2
58250;Saint-Léger-des-Vignes;5.6;3.9;7.0;1.0;17.6
59008;Aniche;2.0;2.3;23.0;2.0;10.7
59139;Caudry;3.6;2.1;30.0;5.0;11.8
59574;Somain;0.8;2.4;28.0;1.0;11.5
60029;Auneuil;7.0;3.5;10.0;2.0;30.5
60439;Mouy;1.9;3.4;18.0;1.0;14.8
61007;Athis-Val de Rouvre;7.1;3.8;16.0;3.0;18.6
61074;Carrouges;31.7;7.9;5.0;2.0;18.5
61494;Trun;8.2;5.7;7.0;1.0;20.9
62014;Aire-sur-la-Lys;3.1;1.9;18.0;3.0;19.1
62060;Auxi-le-Château;3.9;5.5;14.0;1.0;11.3
62080;Bapaume;2.7;3.5;13.0;1.0;11.5
62215;Carvin;0.6;2.2;38.0;1.0;16.1
62560;Marquise;2.0;4.1;21.0;1.0;22.9
62563;Mazingarbe;1.2;2.4;19.0;1.0;13.9
62667;Le Portel;2.2;1.7;15.0;2.0;11.5
63001;Aigueperse;3.6;2.5;7.0;1.0;21.1
63050;Brassac-les-Mines;3.0;5.0;17.0;1.0;14.5
63080;Champeix;7.0;3.5;5.0;1.0;32.5
63195;Lezoux;4.8;1.6;10.0;3.0;16.8
63210;Maringues;3.2;5.1;16.0;1.0;22.4
63470;Volvic;4.3;4.3;20.0;2.0;33.4
64256;Hasparren;4.0;4.1;31.0;3.0;27.7
64320;Laruns;16.9;12.7;15.0;2.0;29.1
64422;Oloron-Sainte-Marie;2.8;5.3;56.0;3.0;23.9
64499;Salies-de-Béarn;2.2;5.0;23.0;1.0;18.1
65138;Cauterets;23.0;12.6;11.0;2.0;21.7
65287;Loures-Barousse;16.0;8.0;5.0;1.0;25.2
65447;Tournay;8.6;6.9;8.0;1.0;32.0
65460;Vic-en-Bigorre;4.1;5.8;28.0;2.0;22.0
66009;Arles-sur-Tech;3.6;5.4;15.0;1.0;19.8
66149;Prades;3.3;4.6;28.0;2.0;20.8
66230;Vinça;4.7;4.2;9.0;1.0;17.0
67105;Drulingen;7.0;4.9;7.0;1.0;19.6
67282;Marlenheim;2.4;2.4;10.0;1.0;25.1
67313;Mutzig;3.3;1.6;10.0;2.0;17.1
69171;Sain-Bel;8.2;4.5;11.0;2.0;24.0
69248;Thizy-les-Bourgs;8.4;4.4;26.0;5.0;17.9
69289;Saint-Pierre-de-Chandieu;2.2;1.7;8.0;1.0;29.0
70198;Dampierre-sur-Salon;8.1;9.7;12.0;1.0;34.9
70310;Lure;3.8;3.4;27.0;3.0;24.0
71310;Montchanin;2.0;3.2;16.0;1.0;19.4
71350;Pierreclos;0.0;3.5;3.0;0.0;16.9
71512;Sennecey-le-Grand;3.4;5.8;17.0;1.0;15.7
72029;Beaumont-sur-Sarthe;5.1;6.1;12.0;1.0;15.8
72042;Bouloire;4.7;3.3;7.0;1.0;18.5
72068;La Chartre-sur-le-Loir;0.0;9.5;13.0;0.0;17.1
72090;Connerré;6.8;2.0;6.0;2.0;19.0
72138;Fresnay-sur-Sarthe;7.0;6.3;18.0;2.0;14.2
72191;Mayet;3.2;6.4;20.0;1.0;17.7
72231;Parigné-l'Évêque;1.9;3.6;19.0;1.0;23.6
72241;Montfort-le-Gesnois;3.4;3.8;11.0;1.0;17.9
73011;Albertville;3.5;2.0;39.0;7.0;17.3
74042;Bonneville;1.6;1.5;19.0;2.0;23.0
74164;Marignier;1.6;1.7;11.0;1.0;26.6
74241;Saint-Jeoire;2.9;2.3;8.0;1.0;16.1
74311;Viuz-en-Sallaz;2.2;1.3;6.0;1.0;27.3
76034;Val-de-Scie;0.0;3.2;8.0;0.0;12.8
76035;Aumale;10.2;4.1;8.0;2.0;11.8
76057;Barentin;2.5;2.0;24.0;3.0;16.0
76655;Saint-Valery-en-Caux;12.8;4.4;17.0;5.0;19.7
76700;Tôtes;6.3;4.4;7.0;1.0;14.5
76752;Yerville;0.0;5.2;13.0;0.0;16.6
77051;Bray-sur-Seine;8.6;3.4;8.0;2.0;15.0
77053;Brie-Comte-Robert;1.0;1.8;34.0;2.0;16.9
77079;Champagne-sur-Seine;3.1;2.2;14.0;2.0;15.6
77100;Le Châtelet-en-Brie;4.7;3.7;16.0;2.0;22.8
77296;Moissy-Cramayel;1.7;1.6;28.0;3.0;14.8
77458;Souppes-sur-Loing;1.9;2.5;13.0;1.0;9.7
78089;Bonnières-sur-Seine;2.0;2.9;14.0;1.0;22.3
78217;Épône;1.5;1.8;12.0;1.0;21.3
78402;Mézières-sur-Seine;2.6;2.1;8.0;1.0;17.4
78537;Saint-Arnoult-en-Yvelines;5.2;3.1;18.0;3.0;28.6
79005;Airvault;3.0;4.6;15.0;1.0;15.9
79079;Mauléon;7.0;3.7;32.0;6.0;22.3
79083;Chef-Boutonne;12.5;7.1;17.0;3.0;15.5
79179;Moncoutant-sur-Sèvre;5.9;5.7;29.0;3.0;27.9
80212;Corbie;4.8;3.5;22.0;3.0;15.8
80368;Friville-Escarbotin;2.2;2.9;13.0;1.0;16.6
80410;Ham;4.4;4.9;22.0;2.0;18.8
80630;Poix-de-Picardie;8.6;7.3;17.0;2.0;21.6
80680;Rosières-en-Santerre;3.3;2.3;7.0;1.0;17.0
80688;Rue;3.2;3.9;12.0;1.0;17.6
80721;Saint-Valery-sur-Somme;8.2;3.3;8.0;2.0;19.7
81124;Lacaune;4.1;6.9;17.0;1.0;20.9
81145;Lisle-sur-Tarn;6.4;2.3;11.0;3.0;21.3
82094;Lauzerte;6.9;8.9;13.0;1.0;17.1
82117;Montaigu-de-Quercy;7.7;6.9;9.0;1.0;14.8
82186;Valence;3.8;5.9;31.0;2.0;22.7
83004;Les Arcs;0.0;3.2;23.0;0.0;21.4
83121;Salernes;5.3;3.4;13.0;2.0;14.7
84004;Aubignan;1.7;1.4;8.0;1.0;18.7
84137;Vaison-la-Romaine;6.8;4.1;24.0;4.0;23.0
85003;Aizenay;2.0;2.2;22.0;2.0;34.7
85018;Beauvoir-sur-Mer;2.6;3.9;15.0;1.0;17.9
85109;Les Herbiers;2.5;2.8;46.0;4.0;28.7
85113;L'Île-d'Yeu;4.1;2.9;14.0;2.0;17.3
85135;Mareuil-sur-Lay-Dissais;3.6;4.3;12.0;1.0;25.3
85156;Moutiers-les-Mauxfaits;0.0;3.5;8.0;0.0;34.3
85182;Pouzauges;5.4;4.7;26.0;3.0;27.5
85226;Saint-Hilaire-de-Riez;1.6;2.2;27.0;2.0;24.7
86103;Gençay;11.5;8.6;15.0;2.0;22.1
86128;Lencloître;12.1;4.0;10.0;3.0;17.1
86139;Lusignan;3.8;5.3;14.0;1.0;25.9
87126;Rochechouart;5.4;3.2;12.0;2.0;15.7
87187;Saint-Yrieix-la-Perche;5.9;3.8;26.0;4.0;19.7
88258;Lamarche;11.8;5.9;5.0;1.0;10.0
88383;Remiremont;7.8;4.0;31.0;6.0;25.0
89086;Charny Orée de Puisaye;2.1;4.4;21.0;1.0;11.3
89125;Courson-les-Carrières;10.8;6.5;6.0;1.0;16.9
89206;Joigny;4.3;4.1;38.0;4.0;15.6
89345;Saint-Florentin;2.4;3.3;14.0;1.0;13.6
90009;Beaucourt;4.0;3.6;18.0;2.0;13.4
90033;Delle;3.5;3.5;20.0;2.0;10.4
91045;Ballancourt-sur-Essonne;2.6;1.9;15.0;2.0;19.7
91338;Limours;1.5;3.7;24.0;1.0;32.4
95351;Louvres;2.6;1.6;18.0;3.0;14.3
95355;Magny-en-Vexin;1.7;2.2;13.0;1.0;19.6
95370;Marines;5.8;4.4;15.0;2.0;28.8
97128;Sainte-Anne;0.4;1.5;36.0;1.0;15.9
97131;Terre-de-Haut;0.0;5.9;9.0;0.0;9.1
97220;Rivière-Pilote;1.7;1.5;18.0;2.0;11.2
97223;Saint-Esprit;1.0;1.6;16.0;1.0;13.5
97230;La Trinité;1.7;3.5;42.0;2.0;21.5
97231;Les Trois-Îlets;2.8;3.3;24.0;2.0;19.0
97308;Saint-Georges;2.3;3.7;16.0;1.0;5.9
97402;Bras-Panon;1.5;3.0;40.0;2.0;15.4
97417;Saint-Philippe;3.9;2.9;15.0;2.0;8.6
97421;Salazie;2.7;3.7;27.0;2.0;11.8
